id,name,absolute_magnitude,is_potentially_hazardous_asteroid,diameter_km_min,diameter_km_max,close_approach_date,rel_km_s,miss_km
2001620,1620 Geographos (1951 RA),15.26,True,2.35806068,5.2727839755,1901-08-23,11.7628116061,5071250.912184169
2001863,1863 Antinous (1948 EA),15.46,False,2.1505769,4.8088361393,1907-10-11,18.0795138977,13378701.443445945
2001915,1915 Quetzalcoatl (1953 EA),18.38,False,0.5604733623,1.2532565376,1906-03-06,15.120986141,3789658.286758657
2001917,1917 Cuyo (1968 AA),14.38,False,3.536347843,7.907514169,1926-09-28,15.2344898243,16872242.23565602
2002063,2063 Bacchus (1977 HB),17.21,False,0.9606274149,2.1480282008,1903-03-06,10.3891121599,9959874.764243582
2002100,2100 Ra-Shalom (1978 RA),16.24,False,1.5016024791,3.3576852183,1906-12-24,17.9951285685,12234211.959762506
2002102,2102 Tantalus (1975 YA),16.0,True,1.6770846216,3.750075218,1912-12-23,33.9011179662,10979849.003996313
2002201,2201 Oljato (1947 XC),15.32,True,2.29379698,5.1290859738,1903-06-18,25.3456268472,25845172.24946737
2002340,2340 Hathor (1976 UA),20.43,True,0.2180494405,0.4875733714,1901-07-04,17.4915658691,11911205.968456928
2000719,719 Albert (A911 TB),15.59,False,2.0256060086,4.529392731,1909-08-21,3.446029003,255628984.35594097
2000887,887 Alinda (A918 AA),13.81,False,4.5978518828,10.2811093604,1974-01-04,7.0959736724,20461808.70383613
2001627,1627 Ivar (1929 SH),12.79,False,7.3545308935,16.4452310205,1929-07-19,6.5498703345,24911350.57033978
2001916,1916 Boreas (1953 RA),14.93,False,2.7450798165,6.1381850734,,,
2001943,1943 Anteros (1973 EC),15.7,False,1.9255507819,4.3056624424,1937-05-28,7.2023032539,18431471.588282432
2002101,2101 Adonis (1936 CA),18.69,True,0.4859090375,1.0865256386,1902-07-16,19.3298299696,28140949.153484065
2002135,2135 Aristaeus (1977 HA),18.05,True,0.6524616298,1.4589485569,1958-10-17,27.4377860884,71380028.48041442
2000433,433 Eros (A898 PA),10.38,False,22.3128464417,49.8930414151,1900-12-27,5.5786191875,47112732.928149395
2001036,1036 Ganymed (A924 UB),9.18,False,38.7752830381,86.70416872,1910-02-25,6.3038663691,292651826.17328167
2001685,1685 Toro (1948 OA),14.28,False,3.7030107822,8.2801838305,1908-08-04,16.1350821461,26483636.64554235
2001980,1980 Tezcatlipoca (1950 LA),13.81,False,4.5978518828,10.2811093604,,,
2002059,2059 Baboquivari (1963 UA),15.98,False,1.6926024946,3.7847742368,1922-11-16,3.2390038886,207416502.58300328
2002062,2062 Aten (1976 AA),17.11,False,1.0059003902,2.249261651,1900-01-19,11.2688208334,18835343.845160324
2002329,2329 Orthos (1976 WA),14.58,False,3.2251875645,7.2117386345,1920-10-05,23.0928141352,27250292.66816308
2001221,1221 Amor (1932 EA1),17.37,False,0.8923905787,1.9954459964,1908-03-14,10.7701740589,27512874.49403824
2001566,1566 Icarus (1949 MA),16.53,True,1.313877806,2.9379200884,1902-06-11,27.0080561011,12638658.792139495
2001580,1580 Betulia (1950 KA),14.55,False,3.2700543928,7.3120639125,1929-06-09,11.3576547414,276689988.3291326
2001862,1862 Apollo (1932 HA),16.08,True,1.6164228334,3.6144313359,1911-01-29,11.6407137864,9839827.664614672
2001864,1864 Daedalus (1971 FA),14.84,False,2.8612445378,6.3979372868,1909-11-13,21.1217901951,22024824.333672885
2001865,1865 Cerberus (1971 UA),16.78,False,1.1709948272,2.6184240349,1905-12-23,20.5740260826,15819612.815413322
2001866,1866 Sisyphus (1972 XA),12.48,False,8.4831076189,18.9688052962,1959-11-17,23.0737678663,29534088.129173607
2001981,1981 Midas (1973 EA),15.27,True,2.3472263753,5.2485577338,1916-09-24,31.4029238373,23199849.40546541
2002061,2061 Anza (1960 UA),16.7,False,1.214940408,2.7166893409,1943-09-15,6.8951217224,10260841.473748216
2002202,2202 Pele (1972 RA),16.98,False,1.0679599752,2.3880311019,1972-10-07,6.4939302847,22477105.69833364
2002212,2212 Hephaistos (1978 SB),13.49,False,5.3278866487,11.913516723,1905-03-14,29.4211459452,17637404.0597914
2002608,2608 Seneca (1978 DA),17.48,False,0.8483107619,1.8968805296,1905-03-01,17.1348117091,25771799.401042502
2003122,3122 Florence (1981 ET3),14.08,True,4.0602705828,9.0790410302,1930-08-29,13.9543936845,7837812.447728948
2003271,3271 Ul (1982 RB),16.57,False,1.2898968334,2.8842970035,1949-02-26,13.6702729058,11184170.1338772
2003551,3551 Verenia (1983 RD),16.72,False,1.2038017674,2.6917825833,1983-09-16,8.0029025934,12754488.578215236
2003691,3691 Bede (1982 FT),14.93,False,2.7450798165,6.1381850734,,,
2003752,3752 Camillo (1985 PA),15.14,False,2.4920398144,5.5723704277,1934-02-14,29.1012701156,14064861.320584532
2003908,3908 Nyx (1980 PA),17.45,False,0.8601119401,1.9232687664,1932-12-08,9.7158922895,13926111.375569925
2004055,4055 Magellan (1985 DO2),14.92,False,2.7577505292,6.1665176484,,,
2004197,4197 Morpheus (1982 TA),14.97,False,2.6949764633,6.0261505697,1913-05-12,28.5627059477,26640610.812517375
2003102,3102 Krok (1981 QA),16.16,False,1.5579552413,3.4836938254,1981-08-25,6.1275450954,29746628.225871444
2003103,3103 Eger (1982 BB),15.3,False,2.3150212221,5.176544822,1981-08-03,16.9574701293,26405147.116129663
2003199,3199 Nefertiti (1982 RA),14.99,False,2.6702687706,5.9709024892,1916-03-16,13.4221932631,7046928.930383422
2003200,3200 Phaethon (1983 TB),14.39,True,3.5200998005,7.8711824416,1924-10-21,33.8777872522,22346302.96064534
2003352,3352 McAuliffe (1981 CW),15.93,False,1.7320282714,3.8729329538,,,
2003361,3361 Orpheus (1982 HR),19.54,True,0.3285148278,0.7345814866,1929-11-12,12.957608137,22268359.837452825
2003362,3362 Khufu (1984 QA),18.52,True,0.5254785303,1.1750057146,1912-09-09,30.0103355297,72881438.22636625
2003552,3552 Don Quixote (1983 SA),13.04,False,6.5547325584,14.6568275748,1920-12-29,11.8518831198,90060440.67815797
2003553,3553 Mera (1985 JA),16.4,False,1.3949382293,3.1191767052,,,
2003988,3988 Huma (1986 LA),17.94,False,0.6863647587,1.5347582577,1900-07-25,7.3299903587,8206416.543000942
2004034,4034 Vishnu (1986 PA),18.49,True,0.5327886649,1.1913516723,1904-12-26,15.176834952,10094314.420628816
2004179,4179 Toutatis (1989 AC),15.29,True,2.3257068746,5.2004386672,1906-10-02,12.3343370269,23118432.290616184
2004183,4183 Cuno (1959 LM),14.16,True,3.9134066315,8.7506432516,1903-09-16,17.9568235978,11911798.106745962
2002368,2368 Beltrovata (1977 RA),15.15,False,2.4805899315,5.5467677112,,,
2003288,3288 Seleucus (1982 DV),15.34,False,2.2727673228,5.0820622309,1982-04-12,6.5008847618,20895360.863966495
2003360,3360 Syrinx (1981 VA),16.04,False,1.6464743776,3.6816286314,1950-12-01,22.563779094,13338427.048959646
2003554,3554 Amun (1986 EB),15.91,False,1.7480545317,3.9087687612,1909-02-03,14.8870508525,58971083.96452386
2003671,3671 Dionysus (1984 KD),16.49,True,1.3383046182,2.9925401008,1930-11-15,3.3245414486,275200659.7481271
2003753,3753 Cruithne (1986 TO),15.42,False,2.1905591097,4.898239078,1900-07-17,16.5981218464,13746248.569927242
2003757,3757 Anagolay (1982 XB),19.01,True,0.4193290755,0.9376483177,1900-11-16,10.8941174534,27345732.08504038
2004257,4257 Ubasti (1987 QA),15.98,False,1.6926024946,3.7847742368,1911-07-24,22.6262625633,5900908.746334356
2004401,4401 Aditi (1985 TB),16.12,False,1.5869197917,3.5484605292,1927-11-05,17.9108794175,55084708.62027917
2003838,3838 Epona (1986 WA),15.62,False,1.9978136523,4.4672471329,1979-08-01,19.7672923269,7402722.301816688
2004015,4015 Wilson-Harrington (1979 VA),16.19,True,1.536579294,3.4358957542,1919-09-30,8.8059885516,7860397.821594541
2004341,4341 Poseidon (1987 KF),16.08,False,1.6164228334,3.6144313359,1902-08-11,18.4314699043,13539063.299066482
2004450,4450 Pan (1987 SY),17.27,True,0.9344476509,2.0894884689,1907-12-11,21.422989131,14855018.764668012
2004503,4503 Cleobulus (1989 WM),15.82,False,1.8220277059,4.0741778073,1902-07-15,4.6214113009,203480043.4725798
2004769,4769 Castalia (1989 PB),17.4,True,0.8801465209,1.9680674509,1902-02-18,15.6642793458,9859362.333996717
2004947,4947 Ninkasi (1988 TJ1),18.09,False,0.6405528629,1.4323197447,1933-07-01,7.4478981076,2528169.206535438
2005011,5011 Ptah (6743 P-L),16.65,True,1.2432400055,2.7799691647,1902-03-31,15.3340185686,6011154.747032986
2005587,5587 (1990 SB),13.89,False,4.431543091,9.9092315966,1906-09-21,3.5600831278,294494433.6099226
2005590,5590 (1990 VA),19.91,False,0.2770479727,0.6194981001,1900-05-27,12.9443112777,4838845.235615849
2005620,5620 Jasonwheeler (1990 OA),17.1,False,1.0105434154,2.2596437711,,,
2005645,5645 (1990 SP),17.23,False,0.9518203298,2.1283349598,1908-11-10,10.516391844,15226197.439282706
2004486,4486 Mithra (1987 SB),15.61,True,2.0070351411,4.4878670088,1902-08-23,22.2049163409,26278328.872829452
2004487,4487 Pocahontas (1987 UA),17.48,False,0.8483107619,1.8968805296,,,
2004596,4596 (1981 QB),16.45,False,1.3631855586,3.0481755751,1904-09-02,24.5809417261,60342675.162214346
2004954,4954 Eric (1990 SQ),12.56,False,8.1762653336,18.282685088,1939-10-06,12.5268736975,10542556.268804895
2004957,4957 Brucemurray (1990 XJ),15.05,False,2.5974965333,5.8081788198,1939-05-07,15.3287034083,11941824.613303438
2005143,5143 Heracles (1991 VL),14.05,False,4.1167545731,9.2053430721,1903-12-22,6.0575970375,270323268.96076936
2005324,5324 Lyapunov (1987 SL),15.35,False,2.2623249055,5.058712276,1911-08-31,12.3930949799,27428041.281907987
2005381,5381 Sekhmet (1991 JY),16.72,False,1.2038017674,2.6917825833,1908-05-16,23.1073815979,19772805.50974118
2004544,4544 Xanthus (1989 FB),17.37,False,0.8923905787,1.9954459964,1902-07-03,8.2268602192,9723899.24866324
2004660,4660 Nereus (1982 DB),18.75,True,0.4726666672,1.0569147985,1900-01-29,5.5448650497,3111379.539567199
2004688,4688 (1980 WF),19.6,False,0.3195618867,0.7145621017,1940-11-17,15.9605599715,59574121.70004968
2005189,5189 (1990 UQ),17.84,True,0.7187121332,1.607089186,1901-03-25,10.9407215961,5402908.38766844
2005332,5332 Davidaguilar (1990 DA),14.96,False,2.7074159094,6.0539660169,,,
2005370,5370 Taranis (1986 RA),15.23,False,2.3908645717,5.3461357073,2099-09-10,13.2119140871,19827641.581375834
2005496,5496 (1973 NA),16.15,False,1.5651464359,3.4997738255,1916-07-03,38.1146531429,11447618.191258805
2005604,5604 (1992 FE),17.38,True,0.8882904164,1.9862777548,1901-02-26,14.8771271924,15099448.370037582
2004581,4581 Asclepius (1989 FC),20.74,True,0.1890405519,0.4227075246,1901-06-27,12.6417912422,16533200.938423863
2004953,4953 (1990 MU),14.88,True,2.8090209395,6.2811617709,1919-11-18,19.0153088782,18036378.617043577
2005131,5131 (1990 BG),14.83,False,2.8744514425,6.4274688236,1928-11-01,27.1762444011,7271391.827722388
2005626,5626 Melissabrucker (1991 FE),14.33,False,3.618719966,8.0917038355,1928-06-27,9.4547107161,6958019.68492843
2005653,5653 Camarillo (1992 WD5),16.22,False,1.5154966357,3.3887534971,1916-07-19,8.7217307926,14848700.1096741
2005828,5828 (1991 AM),15.96,False,1.7082639526,3.8197943216,,,
2005863,5863 Tara (1983 RB),15.84,False,1.8053232555,4.0368255207,1947-04-21,13.4700569439,7588231.843620177
2006063,6063 Jason (1984 KB),16.02,False,1.6617090174,3.7156943217,1901-08-24,29.7121736225,21335019.235155586
2006178,6178 (1986 DA),15.71,False,1.9167036797,4.2858797205,2038-04-07,4.8577825038,29624429.35535981
2006239,6239 Minos (1989 QF),18.6,True,0.5064714588,1.1325046106,1900-08-23,18.6113982988,29226838.189450677
2006455,6455 (1992 HE),14.08,False,4.0602705828,9.0790410302,,,
2007025,7025 (1993 QA),18.08,False,0.6435095206,1.4389310323,1900-12-04,14.1747874596,62034342.86588092
2007092,7092 Cadmus (1992 LC),15.12,False,2.5150983749,5.6239309364,1923-12-13,21.6104270775,19256880.334291864
2007336,7336 Saunders (1989 RS1),18.8,False,0.4619074603,1.0328564805,1968-09-15,5.4138308985,29293055.816632804
2007341,7341 (1991 VK),16.96,True,1.0778416872,2.4101272816,1961-11-19,12.8332105374,19205793.738791525
2007822,7822 (1991 CS),17.34,True,0.9048049682,2.0232054153,1915-09-02,19.0319360269,14008925.001495387
2005660,5660 (1974 MA),15.38,False,2.2312846442,4.9893041415,1900-07-23,37.2393525232,47210761.345604055
2005731,5731 Zeus (1988 VP4),15.47,False,2.1406958967,4.7867415442,1926-01-25,5.3857473367,265530114.0562068
2006489,6489 Golevka (1991 JX),19.22,True,0.3806755436,0.8512163929,1926-08-01,11.7428781705,12929666.158086961
2006569,6569 Ondaatje (1993 MO),16.63,False,1.2547435637,2.8056919027,,,
2006611,6611 (1993 VW),16.82,False,1.1496217629,2.5706324102,1918-12-22,13.3667162158,19339110.573403686
2007236,7236 (1987 PA),18.32,False,0.5761757511,1.2883681464,1906-07-23,10.6587108563,26499860.609342787
2007335,7335 (1989 JA),17.7,True,0.7665755735,1.7141150923,1916-05-20,14.9390177349,9668054.782666275
2007358,7358 Oze (1995 YA3),14.72,False,3.0238133257,6.7614521476,1972-09-15,5.2769368986,18502379.467723947
2007474,7474 (1992 TC),18.11,False,0.634680239,1.4191881584,1945-09-26,2.544989556,25755122.215535115
2007480,7480 Norwan (1994 PC),17.24,False,0.9474471126,2.118556149,1901-01-21,8.4548434115,13483503.966609739
2005646,5646 (1990 TR),15.51,False,2.1016237932,4.6993736648,,,
2005693,5693 (1993 EA),16.78,True,1.1709948272,2.6184240349,1902-01-05,25.3294983456,20577254.412340436
2005751,5751 Zao (1992 AC),14.94,False,2.7324673204,6.1099826748,,,
2006047,6047 (1991 TB1),17.84,False,0.7187121332,1.607089186,1935-10-19,21.2944486197,68292739.43384267
2006050,6050 Miwablock (1992 AE),14.94,False,2.7324673204,6.1099826748,2011-09-02,6.7073937766,10870276.193712682
2006053,6053 (1993 BW3),15.1,False,2.5383702936,5.6759685287,1964-01-26,15.7790449015,5710526.697186458
2007753,7753 (1988 XB),18.01,True,0.6645917971,1.4860724357,1901-06-22,15.7624761233,12475400.587117676
2005786,5786 Talos (1991 RC),17.14,False,0.9920989194,2.2184006242,,,
2005797,5797 Bivoj (1980 AA),18.89,False,0.4431543091,0.9909231597,1954-01-22,6.5462276888,15718713.031401664
2005836,5836 (1993 MF),14.99,False,2.6702687706,5.9709024892,1907-09-11,2.4751667603,263006695.59930936
2005869,5869 Tanith (1988 VN4),17.22,False,0.9562137328,2.1381589077,1910-12-05,9.6833212321,49353730.742360115
2005879,5879 Almeria (1992 CH1),17.61,False,0.7990150812,1.7866520367,1905-02-13,11.6327168829,25530592.01411444
2006037,6037 (1988 EG),18.86,True,0.4493191996,1.004708274,1907-09-02,10.1965690958,24873142.137397967
2006456,6456 Golombek (1992 OM),16.06,False,1.6313794097,3.6478752572,,,
2006491,6491 (1991 OA),18.72,True,0.4792421155,1.071617948,1906-06-20,5.9681897767,21995931.58449278
2007088,7088 Ishtar (1992 AA),16.84,False,1.1390819672,2.5470647106,1900-01-01,4.7812323228,35509713.6064784
2007350,7350 (1993 VA),17.16,False,0.9830033019,2.1980622051,1900-11-03,5.5216064314,20604719.967921168
2007482,7482 (1994 PC1),16.58,True,1.2839702958,2.8710448625,1922-01-21,18.9710507521,12398827.989851382
2007839,7839 (1994 ND),17.83,False,0.7220295577,1.6145071727,1927-07-22,14.7878635837,45954603.35003594
2007888,7888 (1993 UC),15.19,False,2.4353140627,5.4455277909,1906-03-28,23.0106172495,25081782.606579367
2008013,8013 Gordonmoore (1990 KA),17.09,False,1.0152078719,2.2700738128,1930-02-06,1.3911995385,293254206.5159276
2008034,8034 Akka (1992 LR),18.02,False,0.6615382752,1.4792445531,1940-08-14,7.8192222283,23369938.338990152
2008037,8037 (1993 HO1),16.63,False,1.2547435637,2.8056919027,1942-11-12,10.7474151914,11612267.821029281
2008566,8566 (1996 EN),16.47,True,1.3506877983,3.0202297334,1911-09-08,23.2381012084,3837113.752999631
2009856,9856 (1991 EE),17.1,True,1.0105434154,2.2596437711,1900-08-28,14.044545722,9138961.434227655
2009950,9950 ESA (1990 VB),16.21,False,1.5224918504,3.4043952726,1971-08-20,12.3451312496,66953853.38233073
2010145,10145 (1994 CK1),17.0,False,1.0581688593,2.3661375011,1904-05-01,11.0138562074,11150117.529763987
2010302,10302 (1989 ML),19.44,False,0.3439972547,0.7692012455,1900-07-04,2.5103101521,12793619.386744106
2010860,10860 (1995 LE),17.02,False,1.0484675089,2.3444446221,1916-10-27,9.3751910358,11188312.39417899
2011054,11054 (1991 FA),17.07,False,1.0246014747,2.2910785472,1937-11-26,4.4935722871,20153895.432197835
2011284,11284 Belenus (1990 BA),18.25,False,0.5950520786,1.330576898,1914-09-05,9.0512730321,14302316.553576404
2012538,12538 (1998 OH),15.96,True,1.7082639526,3.8197943216,1910-04-24,14.8273733872,16101185.043699889
2014402,14402 (1991 DB),18.77,False,0.4683332331,1.0472249454,1973-03-30,7.0166551516,23320076.63588959
2015745,15745 Yuliya (1991 PM5),17.4,False,0.8801465209,1.9680674509,2063-10-20,9.4293967476,12880960.861481285
2008507,8507 (1991 CB1),17.21,False,0.9606274149,2.1480282008,1908-08-09,18.9174153966,20976082.99199106
2009058,9058 (1992 JB),17.81,False,0.7287104149,1.6294460236,1924-04-20,11.4224766678,14499313.267023584
2009162,9162 Kwiila (1987 OA),18.01,False,0.6645917971,1.4860724357,1901-08-10,20.5010944504,19593715.003102373
2010115,10115 (1992 SK),17.1,True,1.0105434154,2.2596437711,1928-07-27,8.7023098998,7517055.795036902
2011311,11311 Peleus (1993 XN2),15.74,False,1.8904055193,4.2270752462,1919-11-12,15.8031323139,19119177.783804275
2011405,11405 (1999 CV3),15.22,False,2.4019003012,5.3708123486,1909-08-03,15.7068125774,18442573.96428491
2013651,13651 (1997 BR),17.89,True,0.7023522477,1.57050737,1906-07-31,14.3850701039,21090549.46275792
2007977,7977 (1977 QQ5),15.15,False,2.4805899315,5.5467677112,1994-03-14,13.9752161632,11462293.906863462
2008176,8176 (1991 WA),17.01,False,1.0533070151,2.3552660868,1916-06-12,28.6420956559,6453389.298261984
2008201,8201 (1994 AH2),15.94,False,1.7240703244,3.8551384433,1904-01-26,15.6511719917,11059358.626324741
2008567,8567 (1996 HW1),15.36,False,2.2519304668,5.0354696043,1967-09-16,6.2721083904,18277980.89746908
2008709,8709 Kadlu (1994 JF1),17.07,False,1.0246014747,2.2910785472,1905-03-31,7.7718077897,14879200.676921818
2009400,9400 (1994 TW1),14.84,False,2.8612445378,6.3979372868,1932-04-26,19.8896822473,13046609.580626557
2010165,10165 (1995 BL2),17.36,False,0.8965096664,2.0046565566,1914-09-12,21.6037325423,17620265.409734424
2011066,11066 Sigurd (1992 CC1),15.17,False,2.4578477463,5.4959146391,1917-09-16,22.0499427692,21553474.38675386
2011500,11500 Tomaiyowit (1989 UR),18.37,True,0.5630603897,1.2590413069,1906-11-28,9.5044461171,13961760.293674545
2007889,7889 (1994 LX),15.24,False,2.3798795468,5.321572445,1900-03-23,22.0901185445,18765853.749612164
2008014,8014 (1990 MF),18.88,True,0.4451998164,0.9954970531,1900-09-27,9.9874150956,6682779.246328761
2008035,8035 (1992 TB),17.12,False,1.0012786977,2.2389272325,1923-09-22,21.0998061909,6194869.518310724
2009172,9172 Abhramu (1989 OB),16.64,False,1.2489785407,2.7928009194,1969-09-10,4.1038071389,280249925.2487033
2009202,9202 (1993 PB),16.1,False,1.6016033798,3.5812940302,1928-07-21,32.8900007701,16633120.45247277
2010150,10150 (1994 PN),15.45,False,2.160503512,4.8310327184,,,
2010563,10563 Izhdubar (1993 WD),16.94,False,1.0878148336,2.4324279148,1900-05-06,34.9288562095,44011497.36583051
2010636,10636 (1998 QK56),17.7,False,0.7665755735,1.7141150923,1911-02-17,11.6108281251,18147211.32562856
2011398,11398 (1998 YP11),16.38,False,1.4078454339,3.1480380919,1929-03-16,10.1064005974,29870182.91683867
2011885,11885 Summanus (1990 SS),18.52,False,0.5254785303,1.1750057146,1900-02-20,10.7171509363,39801430.03428757
2012711,12711 Tukmit (1991 BB),16.04,False,1.6464743776,3.6816286314,1907-07-11,21.6441748914,24242426.761391114
2012923,12923 Zephyr (1999 GK4),15.8,True,1.8388867207,4.1118757104,2032-09-22,13.7914172391,27827973.86391964
2013553,13553 Masaakikoyama (1992 JE),16.54,False,1.3078410858,2.9244215717,1911-08-09,10.618377053,61229102.14175575
2014827,14827 Hypnos (1986 JK),18.81,True,0.4597851883,1.028110936,1919-07-01,7.1107542843,141189149.83391255
2015817,15817 Lucianotesi (1994 QC),18.47,False,0.5377184977,1.2023751136,1901-08-11,7.1220113985,37532547.89517862
2016912,16912 Rhiannon (1998 EP8),17.91,False,0.6959130436,1.5561088719,1911-07-25,13.1915083092,8365932.617143859
2017181,17181 (1999 UM3),16.77,False,1.1763998937,2.6305101311,1903-01-29,5.4916446474,168438513.58906168
2017182,17182 (1999 VU),17.13,False,0.99667824,2.2286402963,1901-12-30,13.3459333706,29112445.709790323
2017511,17511 (1992 QN),17.32,False,0.9131770255,2.0419259045,1918-01-13,15.089757202,29732068.388776887
2018736,18736 (1998 NU),15.98,False,1.6926024946,3.7847742368,1921-06-08,12.1568077294,6552372.688679581
2020236,20236 (1998 BZ7),17.7,True,0.7665755735,1.7141150923,1905-06-12,11.3977422644,10181490.51492071
2020790,20790 (2000 SE45),16.64,False,1.2489785407,2.7928009194,1901-01-07,10.2087928968,71535914.53232221
2021277,21277 (1996 TO5),16.18,False,1.5436718218,3.4517551284,1945-06-07,15.5095114603,5000363.677248716
2022753,22753 (1998 WT),17.67,True,0.777239702,1.7379608086,1900-05-14,17.7479220279,11361547.999220885
2023183,23183 (2000 OY21),16.06,False,1.6313794097,3.6478752572,,,
2016064,16064 Davidharvey (1999 RH27),16.86,False,1.128638801,2.523713081,1900-08-18,7.485612894,282807827.28621763
2016657,16657 (1993 UB),16.55,False,1.3018321019,2.9109850751,,,
2016960,16960 (1998 QS52),14.32,True,3.6354232184,8.1290534434,1902-10-08,8.17992349,248012802.90291208
2017274,17274 (2000 LC16),16.87,False,1.1234531767,2.5121176727,1908-03-03,4.166052576,211728115.2283267
2018106,18106 Blume (2000 NX3),17.78,False,0.7388477866,1.6521138758,1933-08-10,1.4892474318,297334597.68646187
2018882,18882 (1999 YN4),16.14,False,1.5723708236,3.5159280475,,,
2019356,19356 (1997 GH3),17.0,False,1.0581688593,2.3661375011,2001-02-14,8.0929504879,21794151.71850894
2020826,20826 (2000 UV13),13.85,False,4.5139316282,10.0934579665,1915-11-05,8.7345341547,186440801.7686907
2022771,22771 (1999 CU3),16.96,False,1.0778416872,2.4101272816,1908-09-22,17.5932837466,13303041.527824735
2016636,16636 (1993 QP),18.78,False,0.4661814374,1.0424133839,1972-09-24,3.7117652555,73207578.51744515
2016834,16834 (1997 WU22),15.75,False,1.8817198949,4.2076535996,1913-06-02,13.3443189052,28767353.70230921
2018109,18109 (2000 NG11),17.19,False,0.9695159909,2.167903661,1920-10-06,2.152133364,28809322.995783247
2019764,19764 (2000 NF5),16.11,False,1.5942446807,3.5648394788,2001-12-06,0.8431101671,296722733.3624505
2020255,20255 (1998 FX2),18.45,False,0.5426939457,1.2135005535,1916-03-05,16.2280682405,61214850.62587126
2020429,20429 (1998 YN1),17.73,False,0.7560577624,1.6905965516,1900-05-12,10.0485040104,23764985.36872313
2021374,21374 (1997 WS22),17.45,False,0.8601119401,1.9232687664,1900-08-06,9.2933761828,13420538.836478004
2022099,22099 (2000 EX106),18.09,False,0.6405528629,1.4323197447,1903-01-22,8.1739295724,19308655.12487356
2016816,16816 (1997 UF9),16.24,False,1.5016024791,3.3576852183,1906-07-19,22.1584171256,20930784.846713785
2017188,17188 (1999 WC2),16.4,False,1.3949382293,3.1191767052,1914-06-10,18.8317113876,25910753.9660237
2018172,18172 (2000 QL7),15.69,False,1.9344387205,4.3255364773,1913-11-01,5.5925507559,72586693.65130982
2020086,20086 (1994 LW),16.68,False,1.2261821132,2.7418265579,1906-09-01,7.6035228738,158928761.22293857
2020425,20425 (1998 VD35),20.51,True,0.2101623793,0.4699373665,1901-05-14,14.4362763022,11271381.323829396
2020460,20460 Robwhiteley (1999 LO28),15.41,False,2.2006702711,4.9208483223,2007-02-28,18.6129787072,12646805.877179908
2021088,21088 Chelyabinsk (1992 BL2),14.36,False,3.5690692667,7.9806814968,2142-08-29,18.4650777865,14756412.73487749
2024445,24445 (2000 PM8),14.71,False,3.0377706139,6.7926615927,2059-10-13,18.2965974742,27118250.197966304
2025330,25330 (1999 KV4),16.74,False,1.1927652464,2.6671041722,1915-04-04,9.2819029672,29020105.54190539
2026379,26379 (1999 HZ1),18.2,False,0.6089126221,1.3615700154,1915-08-10,14.0315372286,16642486.027124122
2029075,29075 (1950 DA),17.28,True,0.930154254,2.0798881414,1919-03-02,15.6996885239,12513834.045175541
2031210,31210 (1998 BX7),16.4,False,1.3949382293,3.1191767052,1911-10-08,2.0975424615,240426215.9626715
2031346,31346 (1998 PB1),17.16,False,0.9830033019,2.1980622051,1998-07-19,6.1126813792,26580545.20326177
2031662,31662 (1999 HP11),19.54,False,0.3285148278,0.7345814866,1900-11-15,26.5003798622,50886203.229395345
2032906,32906 (1994 RH),16.04,False,1.6464743776,3.6816286314,1920-12-21,5.7766358952,68783409.39216007
2035107,35107 (1991 VH),16.87,True,1.1234531767,2.5121176727,1905-07-30,9.0199096829,15268885.296205714
2035396,35396 (1997 XF11),17.01,True,1.0533070151,2.3552660868,1907-05-19,9.1731690842,14803973.054265548
2035670,35670 (1998 SU27),19.57,False,0.3240074354,0.7245026508,1903-01-07,11.1457678595,13939008.537057938
2036236,36236 (1999 VV),15.95,False,1.7161489408,3.8374256911,,,
2026310,26310 (1998 TX6),19.28,False,0.3703010782,0.828018383,1904-08-25,12.045313302,54513092.451287724
2026760,26760 (2001 KP41),15.5,False,2.1113244479,4.7210649881,1907-12-01,6.315473583,251936308.82744524
2027002,27002 (1998 DV9),18.31,True,0.5788352575,1.2943149835,1904-02-04,7.5877219159,2265439.652763656
2027031,27031 (1998 RO4),17.89,False,0.7023522477,1.57050737,1983-01-26,7.4645637818,10855105.53355513
2035432,35432 (1998 BG9),19.39,False,0.3520099801,0.7871182442,1986-01-14,11.4325078115,69157190.26188427
2036284,36284 (2000 DM8),15.04,False,2.6094860325,5.8349881551,1908-07-29,33.74361406,2649242.308195957
2023548,23548 (1994 EF2),17.28,False,0.930154254,2.0798881414,1935-03-01,21.6800900483,73587789.028823
2023606,23606 (1996 AS1),18.39,False,0.5578982211,1.2474983468,1904-06-30,12.6605808439,54342076.98335514
2024443,24443 (2000 OG),16.42,False,1.3821493588,3.0905799213,1920-02-12,24.0371282463,10419707.978979807
2025916,25916 (2001 CP44),13.77,False,4.6833323314,10.4722494541,1918-06-10,4.2263209587,276193888.58148545
2026663,26663 (2000 XK47),18.16,True,0.620233153,1.3868834919,1924-02-03,11.4818226862,20007735.470848303
2027346,27346 (2000 DN8),15.88,False,1.7723723926,3.9631451512,1914-08-25,20.0885662711,67907833.53899848
2031345,31345 (1998 PG),17.61,False,0.7990150812,1.7866520367,,,
2031669,31669 (1999 JT6),16.09,True,1.6089960451,3.5978245324,1921-03-02,12.4363463011,26204052.183993623
2033342,33342 (1998 WT24),18.02,True,0.6615382752,1.4792445531,1905-07-17,25.3893164003,9529364.8712769
2034613,34613 (2000 UR13),16.1,False,1.6016033798,3.5812940302,1937-08-24,9.0484507926,4404233.189536322
2036017,36017 (1999 ND43),19.29,False,0.3685996993,0.8242139842,1905-09-13,7.4632840743,20035522.676809326
2023187,23187 (2000 PN9),16.05,True,1.6389095149,3.6647130844,1996-02-27,29.2562819156,21810885.362252466
2023714,23714 (1998 EC3),16.85,False,1.133848361,2.5353620113,1911-05-08,10.01595801,27986565.498024896
2024475,24475 (2000 VN2),16.41,False,1.3885290704,3.1048453901,1900-12-22,8.5980520646,26833227.464888614
2024761,24761 Ahau (1993 BW2),17.37,False,0.8923905787,1.9954459964,1901-08-04,11.4062798444,50411396.58433338
2025143,25143 Itokawa (1998 SF36),19.26,True,0.3737274319,0.8356799428,1902-04-14,5.2717680813,5987213.148797547
2026166,26166 (1995 QN3),16.79,False,1.1656145947,2.6063934693,,,
2026817,26817 (1987 QB),19.49,False,0.3361669212,0.7516920875,1919-09-03,8.0198943313,279960546.15085226
2030825,30825 (1990 TG1),14.72,False,3.0238133257,6.7614521476,1917-04-30,7.553575233,231791129.16163084
2030997,30997 (1995 UO5),17.27,False,0.9344476509,2.0894884689,,,
2031221,31221 (1998 BP26),17.23,False,0.9518203298,2.1283349598,,,
2036183,36183 (1999 TX16),16.3,False,1.4606796427,3.2661789745,1910-11-14,21.4027557294,20535816.340902768
2038091,38091 (1999 JT3),16.3,False,1.4606796427,3.2661789745,,,
2053110,53110 (1999 AR7),16.72,False,1.2038017674,2.6917825833,,,
2053430,53430 (1999 TY16),16.66,False,1.2375278366,2.7671963667,,,
2053789,53789 (2000 ED104),17.35,True,0.900647767,2.0139096308,1909-09-28,22.9491435167,21110266.686420724
2037336,37336 (2001 RM),15.78,False,1.85590173,4.1499224279,1913-10-25,20.6526921672,51471475.03603549
2037638,37638 (1993 VB),19.28,True,0.3703010782,0.828018383,1906-12-03,9.6121381216,12516468.343987945
2039565,39565 (1992 SL),18.46,False,0.5402004935,1.207925025,1931-09-05,6.1867265879,23243075.41080617
2039572,39572 (1993 DQ1),16.56,True,1.2958507267,2.8976103136,1909-07-16,8.3452143134,12551178.490578955
2040263,40263 (1999 FQ5),17.75,False,0.7491261831,1.6750970692,2004-09-20,10.2259341747,10054612.881266108
2041440,41440 (2000 HZ23),19.88,False,0.2809020939,0.6281161771,1905-04-28,7.1375527973,69148730.90625001
2048603,48603 (1995 BC2),17.82,False,0.7253622947,1.6219593992,1901-10-09,13.0304946636,55861580.89087922
2052340,52340 (1992 SY),18.09,False,0.6405528629,1.4323197447,1901-02-19,9.1231292263,15306162.302889332
2052750,52750 (1998 KK17),16.67,False,1.2318419127,2.7544822542,1901-01-29,15.5581045174,45153199.18296523
2052760,52760 (1998 ML14),17.52,True,0.8328273455,1.8622585581,1904-09-17,10.2062856354,13958599.126123788
2052762,52762 (1998 MT24),14.81,False,2.9010484143,6.4869414603,2028-02-09,22.0598053386,24429190.112862647
2052768,52768 (1998 OR2),16.02,True,1.6617090174,3.7156943217,1904-06-30,3.8832323235,184008866.79251587
2053426,53426 (1999 SL5),17.19,True,0.9695159909,2.167903661,1951-09-19,20.806984947,73978660.34817046
2053429,53429 (1999 TF5),18.94,False,0.4330668855,0.9683669947,1979-03-31,24.7876879607,17139635.66758271
2053550,53550 (2000 BF19),19.06,True,0.4097839804,0.9163048363,1905-09-09,16.0942955166,27835110.460227568
2054401,54401 (2000 LM),17.23,False,0.9518203298,2.1283349598,1924-03-20,9.6914781949,11073826.34105095
2054509,54509 YORP (2000 PH5),22.66,False,0.0780827277,0.1745982871,1900-12-14,14.9504848724,39081284.991755575
2037655,37655 Illapa (1994 PM),17.85,True,0.7154099509,1.599705282,1903-01-24,33.734189481,15910810.594123786
2038086,38086 Beowulf (1999 JB),17.35,False,0.900647767,2.0139096308,1904-12-05,21.2666972855,61449393.20329403
2040267,40267 (1999 GJ4),15.54,False,2.0727884338,4.6348958409,1941-02-08,34.1157232937,29728121.174178004
2040329,40329 (1999 ML),17.71,False,0.7630534787,1.7062394488,1900-08-30,2.7571939055,58418670.52220072
2052381,52381 (1993 HA),20.05,False,0.2597496533,0.580817882,1908-11-03,3.6392019115,25403645.99927346
2052689,52689 (1998 FF2),19.13,False,0.3967847541,0.8872376825,1926-08-16,6.7294637782,13026588.059936384
2052761,52761 (1998 MN14),17.96,False,0.6800721287,1.5206875095,1903-06-07,10.0773277131,29095801.854688372
2053319,53319 (1999 JM8),15.35,True,2.2623249055,5.058712276,1907-11-18,8.1485075698,274440099.13559884
2053409,53409 (1999 LU7),18.73,False,0.477040198,1.0666943108,1923-06-09,12.7691094848,16076193.148738755
2053435,53435 Leonard (1999 VM40),14.73,False,3.0099201655,6.7303860969,1994-06-16,3.2014202376,298796183.05823994
2038071,38071 (1999 GU3),19.57,True,0.3240074354,0.7245026508,1904-06-26,3.5483468157,272449444.5006392
2038239,38239 (1999 OR3),18.33,False,0.573528464,1.2824486324,1905-03-20,3.4425129287,268927065.41287374
2039796,39796 (1997 TD),15.68,False,1.9433676839,4.3455022465,,,
2041429,41429 (2000 GE2),20.66,True,0.1961349444,0.4385710684,1921-12-26,14.3123435591,12728919.699229296
2042286,42286 (2001 TN41),16.63,False,1.2547435637,2.8056919027,1909-02-04,16.7244417007,70989834.12134828
2052387,52387 Huitzilopochtli (1993 OM7),17.75,False,0.7491261831,1.6750970692,1942-01-18,13.0838250676,9311030.534918437
2054071,54071 (2000 GQ146),17.43,False,0.8680704579,1.9410645532,1908-04-21,12.1225019783,21956937.04466369
2065717,65717 (1993 BX3),20.87,True,0.1780553292,0.3981438198,1903-12-07,5.9506765638,14795990.766238727
2065996,65996 (1998 MX5),18.49,False,0.5327886649,1.1913516723,1920-03-13,6.0654869054,214521447.46726567
2066391,66391 Moshup (1999 KW4),16.64,True,1.2489785407,2.7928009194,1912-05-30,19.6675471114,24380872.499137077
2066400,66400 (1999 LT7),19.27,False,0.3720103103,0.8318403423,1900-04-08,15.7714902857,20974469.84823928
2054686,54686 (2001 DU8),16.61,False,1.2663535629,2.8316526503,1963-04-16,15.9824989722,8718322.008723572
2054690,54690 (2001 EB),17.5,False,0.8405334021,1.8794898244,,,
2054789,54789 (2001 MZ7),15.08,False,2.5618575448,5.7284876188,,,
2055408,55408 (2001 TC2),18.87,False,0.4472547654,1.0000920588,1911-09-02,13.946911577,9858874.18118712
2065679,65679 (1989 UQ),19.62,True,0.3166321257,0.708010957,1900-11-17,9.528798777,10585375.14354245
2065803,65803 Didymos (1996 GT),18.11,True,0.634680239,1.4191881584,1901-02-04,8.9783810123,7802131.096806111
2066253,66253 (1999 GT3),18.4,False,0.5553349116,1.2417666126,1900-06-27,36.4755875123,51661380.72068595
2055532,55532 (2001 WG2),16.13,False,1.5796285576,3.532156834,1915-11-12,30.0419209865,13727897.518892638
2065674,65674 (1988 SM),18.27,False,0.5895966084,1.3183780956,1900-08-26,5.9504640841,28765999.198314868
2066272,66272 (1999 JW6),17.22,False,0.9562137328,2.1381589077,1997-08-09,20.6940983354,7630653.521053095
2054660,54660 (2000 UJ1),17.92,False,0.6927156136,1.5489592011,1939-11-10,25.9003789546,27235889.026204593
2065690,65690 (1991 DG),19.06,True,0.4097839804,0.9163048363,1904-05-01,7.8108505018,25788000.685805846
2065706,65706 (1992 NA),16.57,False,1.2898968334,2.8842970035,1903-09-10,8.6145263874,10263506.021249935
2065733,65733 (1993 PC),18.37,False,0.5630603897,1.2590413069,1901-05-26,11.7827580784,16953928.013319977
2065909,65909 (1998 FH12),19.31,True,0.365220357,0.8166575449,1908-06-21,21.1930308469,21674501.00835617
2066008,66008 (1998 QH2),15.93,False,1.7320282714,3.8729329538,1916-03-07,34.164896709,11652389.057216274
2066063,66063 (1998 RO1),18.15,False,0.6230960191,1.3932850552,1900-06-26,19.2133347063,60336449.28781941
2066146,66146 (1998 TU3),14.36,False,3.5690692667,7.9806814968,1900-10-10,24.5642732855,14347367.398614787
2066251,66251 (1999 GJ2),17.0,False,1.0581688593,2.3661375011,,,
2066407,66407 (1999 LQ28),18.84,False,0.453476699,1.0140047252,1923-12-25,11.4214545775,24646218.729092177
2067367,67367 (2000 LY27),17.08,True,1.0198938585,2.2805519975,1901-04-21,6.9799759257,69434088.48424013
2067399,67399 (2000 PJ6),18.41,False,0.5527833794,1.2360612132,1911-06-08,11.7364516433,7761285.717169596
2068031,68031 (2000 YK29),18.13,False,0.6288614556,1.4061769631,,,
2068267,68267 (2001 EA16),16.99,False,1.0630531449,2.3770590956,1912-10-04,24.1700405789,11176669.820267946
2068278,68278 (2001 FC7),18.47,False,0.5377184977,1.2023751136,1963-01-31,0.7854187445,9932744.741725473
2068350,68350 (2001 MK3),16.13,False,1.5796285576,3.532156834,,,
2068359,68359 (2001 OZ13),18.07,False,0.6464798256,1.4455728362,,,
2085275,85275 (1994 LY),16.49,False,1.3383046182,2.9925401008,2007-08-29,10.9620748638,22679138.279999267
2085640,85640 (1998 OX4),21.14,True,0.1572370824,0.3515928047,1934-08-04,6.3605213925,17235782.712304678
2085709,85709 (1998 SG36),15.92,False,1.7400229507,3.8908096001,,,
2085713,85713 (1998 SS49),15.77,True,1.8644681832,4.1690775995,1902-11-26,17.8811499557,9872429.528423771
2068063,68063 (2000 YJ66),15.57,False,2.0443487103,4.5713026859,2007-04-19,8.2141044555,10503401.105742786
2068216,68216 (2001 CV26),16.57,True,1.2898968334,2.8842970035,1915-10-03,13.4735400836,11641190.444904028
2068347,68347 (2001 KB67),19.92,True,0.2757750529,0.6166517648,1900-01-05,15.9034657895,59917633.250913605
2068372,68372 (2001 PM9),18.95,True,0.4310771239,0.9639177525,1900-06-21,13.5784416665,24197574.776801325
2068950,68950 (2002 QF15),16.39,True,1.4013769717,3.1335741707,1906-05-12,13.2931500304,28346813.071238477
2069230,69230 Hermes (1937 UB),17.68,True,0.77366861,1.729975604,1900-05-08,20.534881008,14778651.430639146
2085184,85184 (1991 JG1),18.41,False,0.5527833794,1.2360612132,1933-05-06,17.9602379356,26673191.20903213
2066959,66959 (1999 XO35),16.94,False,1.0878148336,2.4324279148,1902-08-24,14.9790008222,74115986.85449223
2067381,67381 (2000 OL8),19.8,True,0.2914439045,0.6516883822,1900-02-16,12.8124240915,47308824.45480477
2068346,68346 (2001 KZ66),16.92,True,1.0978802603,2.4549348932,1903-11-07,13.4109408579,5545766.080756229
2068348,68348 (2001 LO7),14.27,False,3.7201031034,8.3184034225,1904-04-02,38.2167758341,10239687.42238321
2068548,68548 (2001 XR31),16.56,True,1.2958507267,2.8976103136,1916-07-16,15.736091883,13312109.671990952
2085182,85182 (1991 AQ),17.13,True,0.99667824,2.2286402963,1905-05-01,16.6932749093,7664223.836593214
2085236,85236 (1993 KH),18.75,True,0.4726666672,1.0569147985,1904-06-08,15.2553447242,33569316.76489973
2085490,85490 (1997 SE5),14.8,False,2.9144390453,6.5168838217,1909-02-11,6.0569184042,85423585.07465927
2085585,85585 Mjolnir (1998 FG2),21.64,True,0.1248978541,0.2792800919,1918-03-24,18.5734747752,47558977.10620864
2085770,85770 (1998 UP1),20.72,False,0.1907897226,0.4266187892,1902-03-13,24.4838867781,15832465.366816502
2085628,85628 (1998 KV2),17.28,False,0.930154254,2.0798881414,2029-12-15,10.0955097091,28589047.223147284
2085867,85867 (1999 BY9),18.3,False,0.5815070396,1.30028927,2007-01-04,7.6290509662,12598864.352499517
2086324,86324 (1999 WA2),15.83,False,1.813656249,4.0554586606,2184-01-14,17.2931444023,11459548.711150028
2086450,86450 (2000 CK33),18.44,False,0.5451989071,1.2191018176,1900-01-05,16.80686838,22468547.548266042
2085774,85774 (1998 UT18),19.09,True,0.4041615334,0.9037326626,1902-01-12,8.2470713453,32572093.249538306
2085938,85938 (1999 DJ4),18.73,True,0.477040198,1.0666943108,1931-02-20,23.36149892,72830834.18871517
2085953,85953 (1999 FK21),18.09,False,0.6405528629,1.4323197447,1901-02-15,20.5721149912,19389323.113428973
2086666,86666 (2000 FL10),16.88,False,1.1182913782,2.5005755404,1969-10-09,16.3488506018,24662882.31615318
2086667,86667 (2000 FO10),17.54,False,0.8251919385,1.845185269,1902-04-03,14.5042000038,54867303.63076851
2086829,86829 (2000 GR146),15.81,False,1.8304378037,4.0929833576,1904-07-04,14.0004625866,16223831.70551579
2086878,86878 (2000 HD24),17.65,False,0.7844314124,1.7540419619,1906-10-26,21.6946528836,17624857.55571067
2088188,88188 (2000 XH44),16.08,False,1.6164228334,3.6144313359,,,
2085804,85804 (1998 WQ5),15.35,False,2.2623249055,5.058712276,,,
2085818,85818 (1998 XM4),15.42,False,2.1905591097,4.898239078,1914-05-15,32.7952993457,14838920.717394756
2086039,86039 (1999 NC43),15.95,True,1.7161489408,3.8374256911,1937-02-05,10.5881163135,9302988.691979568
2086067,86067 (1999 RM28),16.45,False,1.3631855586,3.0481755751,,,
2086819,86819 (2000 GK137),17.48,True,0.8483107619,1.8968805296,1921-08-30,9.6432343928,4526817.663517664
2087309,87309 (2000 QP),17.59,False,0.8064082768,1.8031837245,,,
2087311,87311 (2000 QJ1),16.51,False,1.3260349677,2.9651043282,1905-11-24,10.3818331016,13174563.840231974
2087684,87684 (2000 SY2),15.96,True,1.7082639526,3.8197943216,1910-07-29,37.6435465534,5911542.910923306
2085839,85839 (1998 YO4),16.58,False,1.2839702958,2.8710448625,,,
2085989,85989 (1999 JD6),17.07,True,1.0246014747,2.2910785472,1903-07-24,20.3382280467,7772475.009534542
2085990,85990 (1999 JV6),20.27,True,0.2347226375,0.5248557734,1907-06-14,6.9049140031,5090804.520656555
2086326,86326 (1999 WK13),17.35,False,0.900647767,2.0139096308,,,
2087024,87024 (2000 JS66),18.73,False,0.477040198,1.0666943108,1915-05-24,9.1865921448,14401875.162763938
2087025,87025 (2000 JT66),18.11,False,0.634680239,1.4191881584,1925-06-12,19.1014164602,16687256.600553056
2088213,88213 (2001 AF2),19.48,False,0.3377185972,0.7551617405,1902-12-25,30.4889549951,58264250.58925807
2088254,88254 (2001 FM129),17.77,True,0.742258153,1.659739687,1900-09-28,20.6448873546,74168761.61707616
2088264,88264 (2001 KN20),17.01,False,1.0533070151,2.3552660868,1916-07-15,8.4071929474,29810303.467172492
2089959,89959 (2002 NT7),16.55,True,1.3018321019,2.9109850751,,,
2096189,96189 Pygmalion (1991 NT3),16.48,False,1.3444819516,3.0063530383,1930-01-26,11.0571097562,4777887.095548249
2096744,96744 (1999 OW3),14.79,False,2.9278914848,6.5469643907,1932-07-08,42.501836577,13794615.805266293
2098943,98943 Torifune (2001 CC21),18.7,False,0.4836764882,1.0815335068,1901-09-13,1.9999460802,12513115.197490618
2089355,89355 (2001 VS78),15.79,False,1.8473746362,4.1308552663,2066-05-11,12.0636143309,10552091.053607002
2089958,89958 (2002 LY45),17.22,True,0.9562137328,2.1381589077,1910-03-06,40.2956796012,13394641.590167416
2090075,90075 (2002 VU94),15.38,True,2.2312846442,4.9893041415,1906-07-14,3.5538630335,276215778.789009
2096315,96315 (1997 AP10),17.04,False,1.038855101,2.3229506246,1907-10-19,17.5574225393,23892955.964415956
2099248,99248 (2001 KY66),16.54,True,1.3078410858,2.9244215717,1917-07-18,11.8869845877,6358273.626135154
2099799,99799 (2002 LJ3),18.52,False,0.5254785303,1.1750057146,1919-09-07,3.7726399191,28821723.866337538
2088263,88263 (2001 KQ1),15.69,False,1.9344387205,4.3255364773,1915-08-08,21.5333840571,9149725.135612236
2088710,88710 (2001 SL9),17.61,False,0.7990150812,1.7866520367,1907-02-21,14.9545366377,18719700.517869752
2088959,88959 (2001 TZ44),17.45,False,0.8601119401,1.9232687664,1900-05-12,35.8118050954,37058416.28058546
2089136,89136 (2001 US16),20.28,True,0.233644185,0.5224442801,1903-04-01,14.0839238282,49892993.4548056
2096536,96536 (1998 SO10),15.45,False,2.160503512,4.8310327184,1905-03-04,12.6769213654,246242343.8411703
2096590,96590 (1998 XB),16.28,False,1.474195145,3.2964005564,1904-02-15,11.4829393292,15731168.66973616
2096631,96631 (1999 FP59),18.17,False,0.6173834405,1.3805113411,1924-03-21,4.446445014,6484159.246394212
2099907,99907 (1989 VA),17.94,False,0.6863647587,1.5347582577,1902-11-21,17.5743781719,28703916.905053154
2089830,89830 (2002 CE),15.0,True,2.658,5.9434686842,1950-10-04,26.0145880239,27995694.393886115
2090147,90147 (2002 YK14),18.31,False,0.5788352575,1.2943149835,1900-07-13,13.9942902713,73788882.9736131
2090367,90367 (2003 LC5),17.92,False,0.6927156136,1.5489592011,1900-07-12,16.5000531305,24634321.10577257
2090373,90373 (2003 SZ219),18.8,False,0.4619074603,1.0328564805,1985-01-03,6.4930084166,12328894.366538243
2090403,90403 (2003 YE45),17.78,True,0.7388477866,1.6521138758,1912-07-18,14.1700307911,15626009.415491566
2090416,90416 (2003 YK118),18.86,True,0.4493191996,1.004708274,1909-06-09,11.7702764237,19889162.97238377
2097725,97725 (2000 GB147),18.75,False,0.4726666672,1.0569147985,,,
2099935,99935 (2002 AV4),16.15,False,1.5651464359,3.4997738255,1918-07-15,18.2883174747,11144334.255627232
2103067,103067 (1999 XA143),16.8,True,1.1602590821,2.5944181791,,,
2136617,136617 (1994 CC),17.97,True,0.6769474811,1.513700585,1921-08-13,7.9224150739,10063643.64092461
2136770,136770 (1996 PC1),20.56,False,0.2053784995,0.459240286,1961-09-15,14.8689349125,67882148.33270884
2136795,136795 Tatsunokingo (1997 BQ),18.11,True,0.634680239,1.4191881584,1907-03-28,9.9480568539,23124751.349524345
2099942,99942 Apophis (2004 MN4),19.09,True,0.4041615334,0.9037326626,1905-12-26,14.1571758266,41319790.58025103
2100926,100926 (1998 MQ),16.63,False,1.2547435637,2.8056919027,1929-10-30,15.8391182852,23887511.155460075
2101869,101869 (1999 MM),19.48,True,0.3377185972,0.7551617405,1902-07-10,12.698975863,14311663.80248868
2102873,102873 (1999 WK11),17.63,False,0.7916896669,1.7702719124,1952-07-02,6.1233868561,22187561.743629873
2105141,105141 (2000 NF11),19.09,False,0.4041615334,0.9037326626,1973-06-27,8.1036739647,12820670.631023875
2111253,111253 (2001 XU10),15.25,True,2.3689449936,5.2971220406,1903-08-08,24.3059871032,16202723.326380493
2112221,112221 (2002 KH4),15.52,False,2.091967709,4.6777820041,1928-11-07,13.6497318646,296824621.50966966
2112985,112985 (2002 RS28),15.84,False,1.8053232555,4.0368255207,1966-04-21,23.6326257442,13049262.833489088
2115052,115052 (2003 RD6),17.46,False,0.8561600847,1.9144321491,,,
2136564,136564 (1977 VA),19.28,False,0.3703010782,0.828018383,1921-10-23,7.4340652624,48133870.88973285
2136582,136582 (1992 BA),19.87,False,0.2821986791,0.6310154296,2058-03-10,4.9778361754,11624952.000029776
2136773,136773 (1996 TR6),18.61,False,0.5041444339,1.1273012246,1987-12-11,9.4880943305,5614001.349370831
2101955,101955 Bennu (1999 RQ36),20.21,True,0.2412986969,0.5395602892,1900-06-15,6.4861433212,54606987.210318126
2108519,108519 (2001 LF),17.94,False,0.6863647587,1.5347582577,1938-06-14,8.7429847974,24174055.3736746
2136818,136818 Selqet (1997 MW1),18.98,False,0.425162524,0.9506923052,1900-08-26,17.4892991202,50708087.72687427
2100004,100004 (1983 VA),16.43,False,1.3757989593,3.0763799964,1901-04-26,9.8681792436,274316950.7973259
2100085,100085 (1992 UY4),17.89,True,0.7023522477,1.57050737,1906-10-07,11.0779822362,13893166.917678736
2100756,100756 (1998 FM5),16.34,False,1.4340192346,3.2065644897,1914-11-21,3.2532921791,272402648.53660816
2101873,101873 (1999 NC5),16.39,False,1.4013769717,3.1335741707,,,
2105140,105140 (2000 NL10),15.75,False,1.8817198949,4.2076535996,1913-08-27,56.6743718041,4923608.794977827
2106538,106538 (2000 WK63),16.29,False,1.4674218336,3.2812549716,1904-09-07,7.4348882223,141142610.25071108
2106589,106589 (2000 WN107),16.01,False,1.6693791177,3.7328451875,1913-04-08,14.3169537482,28884321.404583108
2108906,108906 (2001 PL9),17.9,False,0.6991252322,1.5632915441,1902-05-13,19.2541697685,58988364.25384415
2136618,136618 (1994 CN2),16.86,True,1.128638801,2.523713081,1929-11-02,8.7726812548,12929016.005743941
2136635,136635 (1994 VA1),19.12,False,0.3986162293,0.8913329856,,,
2136745,136745 (1995 WL8),17.88,False,0.7055941584,1.5777565026,,,
2136793,136793 (1997 AQ18),18.35,False,0.5682703234,1.2706910727,1900-12-14,17.6757700656,29781920.158578884
2136874,136874 (1998 FH74),15.75,False,1.8817198949,4.2076535996,1911-01-09,8.7019633111,213259195.61742288
2136897,136897 (1998 HJ41),18.56,False,0.5158874663,1.1535594433,,,
2136993,136993 (1998 ST49),17.85,False,0.7154099509,1.599705282,1984-09-23,26.4026876962,63709440.07724099
2137062,137062 (1998 WM),16.77,False,1.1763998937,2.6305101311,1911-05-07,15.0737427264,25204163.193623684
2137084,137084 (1998 XS16),16.48,False,1.3444819516,3.0063530383,1951-07-12,24.2820997462,22428046.153971802
2137108,137108 (1999 AN10),18.05,True,0.6524616298,1.4589485569,1911-07-21,20.0566492245,64353319.64693381
2137175,137175 (1999 JA11),18.33,False,0.573528464,1.2824486324,1902-09-02,9.7960635935,21916248.78767004
2137427,137427 (1999 TF211),15.28,True,2.3364418497,5.2244428015,1903-08-05,8.6529933107,199210175.4845688
2137802,137802 (1999 YT),16.93,False,1.0928359587,2.4436554919,1947-12-19,14.3392732259,9480817.22090663
2136849,136849 (1998 CS1),17.7,True,0.7665755735,1.7141150923,1900-03-07,17.8169023104,14456757.998692757
2136900,136900 (1998 HL49),17.39,False,0.8842090927,1.9771516375,1905-10-31,15.0336201044,41777200.219734535
2137078,137078 (1998 XZ4),16.34,False,1.4340192346,3.2065644897,1912-03-30,21.6300828629,11782619.702730121
2137120,137120 (1999 BJ8),18.29,True,0.5841911542,1.3062911326,1910-02-15,14.4279405097,7984596.830587858
2137158,137158 (1999 FB),17.92,False,0.6927156136,1.5489592011,1913-03-02,22.5499863605,19951927.35713375
2137170,137170 (1999 HF1),14.66,False,3.1085293813,6.9508830067,1912-04-09,23.1823499863,21840786.939628705
2137199,137199 (1999 KX4),16.95,False,1.0828167784,2.4212519237,1925-01-27,9.6367043744,28848366.78323114
2136839,136839 (1997 WT22),18.85,False,0.4513931628,1.0093457967,1922-01-10,8.9539084201,28365245.967267755
2136923,136923 (1998 JH2),16.31,False,1.4539684294,3.2511722452,1949-06-11,8.50578384,8467466.591405809
2137052,137052 Tjelvar (1998 VO33),17.04,False,1.038855101,2.3229506246,1902-07-17,47.4498101156,8413231.76857047
2137125,137125 (1999 CT3),18.81,False,0.4597851883,1.028110936,1909-07-16,15.3725302391,14692442.44169744
2137126,137126 (1999 CF9),18.06,True,0.6494638409,1.4522452972,1921-06-01,12.0779128464,13110691.787973152
2137799,137799 (1999 YB),18.79,False,0.4640395282,1.0376239294,1926-10-16,3.6012493757,8913570.341944486
2137032,137032 (1998 UO1),16.66,False,1.2375278366,2.7671963667,1916-01-07,35.6697027221,15154570.697196482
2137044,137044 (1998 UC50),16.81,False,1.1549281758,2.5824979103,1910-02-06,10.9644350675,13684203.481655795
2137064,137064 (1998 WP5),18.84,False,0.453476699,1.0140047252,1903-12-17,11.0216821486,61537135.824719615
2137099,137099 (1998 YW3),18.29,False,0.5841911542,1.3062911326,1900-04-30,21.2789450503,66014255.98375882
2137671,137671 (1999 XP35),18.73,False,0.477040198,1.0666943108,1901-12-16,11.0121838659,29405610.21718404
2138013,138013 (2000 CN101),14.72,False,3.0238133257,6.7614521476,1901-08-28,18.6096742695,22174147.437265057
2138127,138127 (2000 EE14),17.11,True,1.0059003902,2.249261651,1901-03-14,23.9884954141,67343428.15189868
2138155,138155 (2000 ES70),17.22,False,0.9562137328,2.1381589077,2177-10-19,13.2852775183,14762234.919420233
2138205,138205 (2000 EZ148),15.06,False,2.5855621208,5.7814926622,1919-09-09,5.3575863104,231486069.48432258
2137805,137805 (1999 YK5),16.72,False,1.2038017674,2.6917825833,1903-01-04,34.0677874978,7097849.666725289
2137924,137924 (2000 BD19),17.5,False,0.8405334021,1.8794898244,1901-02-14,29.2210748353,22091913.488126058
2138258,138258 (2000 GD2),18.98,False,0.425162524,0.9506923052,1901-03-17,24.8721244101,50048913.06151563
2138325,138325 (2000 GO82),16.68,False,1.2261821132,2.7418265579,1924-03-20,35.1901539699,11284414.185545286
2138359,138359 (2000 GX127),17.97,False,0.6769474811,1.513700585,1901-01-08,13.7872297786,48681729.19659279
2138524,138524 (2000 OJ8),16.86,True,1.128638801,2.523713081,1922-11-11,2.8108171976,294878853.3416089
2138846,138846 (2000 VJ61),16.09,False,1.6089960451,3.5978245324,1946-05-30,15.6368225891,29343127.52522327
2138847,138847 (2000 VE62),17.07,False,1.0246014747,2.2910785472,1915-04-21,11.8216444973,29384981.92753315
2138852,138852 (2000 WN10),20.3,False,0.2315021222,0.5176544822,1912-02-19,12.9217954122,6727531.972731806
2138859,138859 (2000 WN63),18.98,False,0.425162524,0.9506923052,1932-05-15,9.9223872964,9179523.894372424
2138883,138883 (2000 YL29),16.85,False,1.133848361,2.5353620113,1929-09-14,13.7226561643,21207417.443091676
2137911,137911 (2000 AB246),17.75,False,0.7491261831,1.6750970692,1921-02-16,1.2802848274,296773662.2369165
2138095,138095 (2000 DK79),15.98,True,1.6926024946,3.7847742368,1923-11-11,33.2151049535,25034661.44669848
2138727,138727 (2000 SU180),19.34,True,0.3602093458,0.8054525833,1901-10-25,3.6755396341,281316063.5510842
2138815,138815 (2000 TQ64),18.04,False,0.6554732558,1.4656827575,1900-05-17,3.8928059834,46217398.60719223
2138893,138893 (2000 YH66),18.2,False,0.6089126221,1.3615700154,1902-01-16,24.3945877828,25436356.486095965
2137925,137925 (2000 BJ19),16.07,False,1.6238839022,3.6311147929,1914-02-01,42.0443038698,12473003.610366238
2138175,138175 (2000 EE104),20.49,True,0.2121069879,0.4742856434,1908-04-03,15.6736872731,29913760.641731586
2138404,138404 (2000 HA24),19.39,True,0.3520099801,0.7871182442,1903-09-25,9.9343615694,6919727.028385808
2138877,138877 (2000 XG47),16.78,False,1.1709948272,2.6184240349,1954-05-03,18.9087873652,24324975.49436817
2138971,138971 (2001 CB21),18.52,True,0.5254785303,1.1750057146,1901-03-08,9.1385710616,12861409.721373754
2140158,140158 (2001 SX169),18.48,True,0.5352479056,1.1968507018,1900-07-06,13.3018598971,8272398.179543142
2141018,141018 (2001 WC47),19.04,False,0.4135756649,0.9247833005,1926-04-27,6.2218249219,25153457.788455896
2141056,141056 (2001 XV4),17.32,False,0.9131770255,2.0419259045,1941-06-01,16.7791774053,22720821.91634054
2141078,141078 (2001 XQ30),18.67,False,0.4904050984,1.0965791366,1908-03-23,8.5370862606,29443193.031833515
2141424,141424 (2002 CD),20.65,False,0.1970402621,0.4405954204,1903-12-29,19.2372170937,68345285.11720826
2139211,139211 (2001 GN2),17.76,True,0.745684261,1.6674006973,1925-03-06,16.4307357907,19354212.358701892
2139359,139359 (2001 ME1),16.52,True,1.3199423904,2.9514809114,1915-10-14,19.1640677632,3881303.602457014
2140039,140039 (2001 SO73),18.08,True,0.6435095206,1.4389310323,1905-02-26,16.7082683103,12381893.46608802
2140288,140288 (2001 SN289),16.73,True,1.1982708007,2.6794149658,1927-03-14,31.9120452547,12788940.369284755
2141052,141052 (2001 XR1),17.46,False,0.8561600847,1.9144321491,1902-01-27,20.1773021521,15262011.214240067
2141053,141053 (2001 XT1),18.86,True,0.4493191996,1.004708274,1911-01-12,11.9861081588,10847891.146354806
2141079,141079 (2001 XS30),17.76,False,0.745684261,1.6674006973,,,
2138947,138947 (2001 BA40),18.82,False,0.4576726672,1.0233871954,1904-04-15,9.6540704635,31724615.12263649
2139047,139047 (2001 EB16),17.41,False,0.876102615,1.9590250023,1935-02-17,25.1157141932,24331997.124712996
2139056,139056 (2001 FY),19.18,False,0.3877528304,0.8670416872,1900-05-20,1.5785500345,46579200.71171213
2139622,139622 (2001 QQ142),18.46,True,0.5402004935,1.207925025,1901-08-11,6.5140438141,72768599.41034457
2140928,140928 (2001 VG75),18.29,False,0.5841911542,1.3062911326,,,
2138911,138911 (2001 AE2),19.44,False,0.3439972547,0.7692012455,,,
2138925,138925 (2001 AU43),15.95,False,1.7161489408,3.8374256911,,,
2138937,138937 (2001 BK16),17.8,False,0.7320739893,1.6369672047,1923-04-17,24.677399219,16608523.361250352
2139289,139289 (2001 KR1),17.8,False,0.7320739893,1.6369672047,1905-05-26,41.9982433988,20726001.923167992
2139345,139345 (2001 KA67),16.74,False,1.1927652464,2.6671041722,1904-04-13,15.6594580308,70130244.14697702
2140333,140333 (2001 TD2),19.24,False,0.3771854893,0.8434123941,1900-09-08,21.1617294109,39271503.66506964
2141354,141354 (2002 AJ29),17.36,False,0.8965096664,2.0046565566,1915-04-06,8.4342875252,20152931.767598655
2141525,141525 (2002 FV5),18.07,True,0.6464798256,1.4455728362,1900-05-03,21.877077822,43560568.96430604
2141531,141531 (2002 GB),19.15,False,0.3931470096,0.8791034386,1913-03-31,28.5254664572,72113347.14129819
2141593,141593 (2002 HK12),18.32,True,0.5761757511,1.2883681464,1914-09-17,12.7198346959,13614646.770176124
2141484,141484 (2002 DB4),16.32,False,1.4472880513,3.2362344656,1901-12-21,16.4387564728,29271133.31092918
2141495,141495 (2002 EZ11),18.46,True,0.5402004935,1.207925025,1902-02-05,33.714802229,2599313.660048569
2141498,141498 (2002 EZ16),18.5,False,0.5303407233,1.1858779086,1910-11-30,22.5601860235,28289731.670213204
2141527,141527 (2002 FG7),18.94,True,0.4330668855,0.9683669947,1907-03-05,15.3521843421,21961994.45497542
2141432,141432 (2002 CQ11),20.06,True,0.2585562121,0.5781492662,1905-01-12,10.0845533751,15479412.882678015
2141447,141447 (2002 CW59),17.16,False,0.9830033019,2.1980622051,1926-11-12,7.0935675447,221707839.50562954
2141526,141526 (2002 FA6),20.2,False,0.2424124811,0.5420507863,1900-04-13,19.1623232547,68608214.69829202
2141614,141614 (2002 JV15),19.52,True,0.3315545381,0.7413784854,1901-03-14,8.1447870997,18617201.4129495
2142561,142561 (2002 TX68),18.2,False,0.6089126221,1.3615700154,1908-09-16,9.3889666692,9346845.117704296
2142563,142563 (2002 TR69),17.21,False,0.9606274149,2.1480282008,1905-03-07,11.5916297232,21070785.25040415
2143381,143381 (2003 BC21),16.21,False,1.5224918504,3.4043952726,1900-03-27,2.1860303431,252658090.73995122
2143404,143404 (2003 BD44),16.95,True,1.0828167784,2.4212519237,1901-09-11,21.5263546454,29406159.869677994
2143409,143409 (2003 BQ46),17.89,False,0.7023522477,1.57050737,,,
2144411,144411 (2004 EW9),16.54,False,1.3078410858,2.9244215717,1927-09-03,12.6447144231,18686052.052402344
2152560,152560 (1991 BN),19.23,True,0.3789264984,0.8473054089,1905-08-03,7.6516206238,16474659.447227603
2152563,152563 (1992 BF),19.71,False,0.3037770614,0.6792661593,1900-12-02,22.8036774311,71870960.3696424
2142040,142040 (2002 QE15),16.25,False,1.4947032424,3.3422580561,1931-11-08,16.2194963845,20094546.262101445
2142781,142781 (2002 UM11),16.14,False,1.5723708236,3.5159280475,,,
2143487,143487 (2003 CR20),18.94,True,0.4330668855,0.9683669947,1904-03-12,23.730147597,7343327.459490588
2143624,143624 (2003 HM16),15.9,False,1.7561231848,3.9268108181,1948-03-29,25.4755620341,16333331.003406102
2145656,145656 (4788 P-L),16.43,False,1.3757989593,3.0763799964,1906-08-23,3.4935038819,201651995.25968218
2141851,141851 (2002 PM6),17.81,True,0.7287104149,1.6294460236,1906-08-05,33.1376899734,12653978.302177696
2141874,141874 (2002 PO34),17.83,False,0.7220295577,1.6145071727,1946-05-03,8.9467804902,14343895.890282715
2142348,142348 (2002 RX211),18.33,False,0.573528464,1.2824486324,1919-12-11,10.0888534839,41071309.72992378
2142464,142464 (2002 TC9),18.34,False,0.57089334,1.2765563162,1910-04-06,8.6733530301,12968686.982261809
2142555,142555 (2002 TB58),16.39,False,1.4013769717,3.1335741707,1938-12-15,12.9788873131,61828990.07916894
2143643,143643 (2003 NP7),18.31,False,0.5788352575,1.2943149835,,,
2143649,143649 (2003 QQ47),17.39,True,0.8842090927,1.9771516375,1900-09-27,29.5346894951,28377148.332839843
2143651,143651 (2003 QO104),16.1,True,1.6016033798,3.5812940302,1912-06-10,10.747116222,15377908.394156244
2143678,143678 (2003 SA224),16.39,False,1.4013769717,3.1335741707,1917-03-09,8.1634929904,22950550.49414585
2143947,143947 (2003 YQ117),15.36,False,2.2519304668,5.0354696043,1974-07-10,19.5156181358,17304824.777191978
2144900,144900 (2004 VG64),18.31,True,0.5788352575,1.2943149835,1905-10-26,31.4243578508,28578583.67492907
2144901,144901 (2004 WG1),17.55,False,0.821400526,1.8367074128,1903-04-15,16.8515047961,12148530.288352765
2152558,152558 (1990 SA),16.86,False,1.128638801,2.523713081,1902-03-03,19.4763732897,11974199.866259063
2141670,141670 (2002 JS100),16.85,False,1.133848361,2.5353620113,1908-12-10,2.8794092254,277225688.4131834
2141761,141761 (2002 MC),17.44,False,0.8640820365,1.9321461716,1903-08-15,10.1520883326,43379582.12514754
2141765,141765 (2002 MP3),16.29,False,1.4674218336,3.2812549716,1909-05-25,17.0320397122,10859820.873377318
2143527,143527 (2003 EN16),18.64,False,0.4972273129,1.1118340719,2016-01-09,10.7972193616,14342743.418211808
2143637,143637 (2003 LP6),16.58,False,1.2839702958,2.8710448625,1918-03-10,47.9023670834,14856453.797195774
2143992,143992 (2004 AF),16.16,True,1.5579552413,3.4836938254,1909-08-03,21.5559118283,20489938.48891945
2144332,144332 (2004 DV24),16.61,True,1.2663535629,2.8316526503,1906-09-17,29.9329913835,14955246.061374659
2144861,144861 (2004 LA12),15.32,False,2.29379698,5.1290859738,1901-03-22,31.7607840837,13628365.627884686
2144898,144898 (2004 VD17),18.89,True,0.4431543091,0.9909231597,1904-11-01,15.5708591385,13198405.252773874
2144922,144922 (2005 CK38),17.36,False,0.8965096664,2.0046565566,1988-02-27,1.7129172664,297550682.6243676
2152561,152561 (1991 RB),19.1,True,0.4023045798,0.8995803882,1905-12-04,12.6495292218,54939353.61514854
2152637,152637 (1997 NC1),17.87,True,0.708851033,1.5850390958,1902-01-10,10.5044193676,9024539.902660945
2152667,152667 (1998 FR11),16.43,False,1.3757989593,3.0763799964,1931-02-17,9.7138809688,211449356.6666987
2152742,152742 (1998 XE12),19.1,False,0.4023045798,0.8995803882,1900-11-22,26.379523543,26529545.509164117
2152754,152754 (1999 GS6),19.22,True,0.3806755436,0.8512163929,1900-02-09,10.566623338,12922089.908598894
2152942,152942 (2000 FN10),16.74,False,1.1927652464,2.6671041722,1919-04-10,15.9303558147,28368938.566291902
2152564,152564 (1992 HF),19.63,False,0.3151773333,0.7047579421,1900-10-04,17.3223479849,54977593.80771815
2152664,152664 (1998 FW4),19.7,True,0.3051792326,0.6824015094,1909-06-10,15.094884298,11760307.554414297
2152679,152679 (1998 KU2),16.54,False,1.3078410858,2.9244215717,1907-08-15,7.8990640571,11870800.795512674
2152680,152680 (1998 KJ9),19.49,True,0.3361669212,0.7516920875,1900-06-14,17.9239096164,19962759.09562961
2152685,152685 (1998 MZ),19.33,True,0.3618719966,0.8091703835,1907-07-30,16.7466880719,2339871.010837279
2152770,152770 (1999 RR28),18.41,True,0.5527833794,1.2360612132,1904-10-15,16.5524183138,11573531.322566155
2152787,152787 (1999 TB10),18.63,False,0.4995224099,1.1169660648,1911-03-18,10.9269446341,25851149.806357894
2152828,152828 (1999 VT25),21.26,True,0.1487835705,0.3326901775,1908-10-24,20.0628460843,16281879.329263818
2152895,152895 (2000 CQ101),18.17,False,0.6173834405,1.3805113411,1905-04-02,2.3750521505,270955991.43155885
2152671,152671 (1998 HL3),20.24,True,0.2379879547,0.5321572445,1901-05-18,22.6694126777,58127161.19556025
2152756,152756 (1999 JV3),18.98,False,0.425162524,0.9506923052,1901-10-26,11.7008185974,15867612.65334344
2152889,152889 (2000 CF59),16.53,False,1.313877806,2.9379200884,1930-02-05,33.146467205,16409161.655076344
2152931,152931 (2000 EA107),16.3,False,1.4606796427,3.2661789745,1901-01-18,21.3089218581,8448480.497413054
2152941,152941 (2000 FM10),17.61,False,0.7990150812,1.7866520367,1921-09-12,21.7359412584,14328782.73554639
2152575,152575 (1994 GY),17.07,False,1.0246014747,2.2910785472,1916-12-03,4.6642994779,161209341.6910847
2152952,152952 (2000 GC2),17.57,False,0.8138698807,1.819868378,2163-08-19,24.4342075095,14763487.77166191
2152964,152964 (2000 GP82),17.8,False,0.7320739893,1.6369672047,1924-02-02,11.6857111193,13685092.048124235
2153311,153311 (2001 MG1),17.4,True,0.8801465209,1.9680674509,1901-09-30,18.572710167,64895152.331107594
2153814,153814 (2001 WN5),18.28,True,0.586887658,1.3123206985,1916-10-02,11.1382174551,7625252.933227586
2153842,153842 (2001 XT30),16.7,False,1.214940408,2.7166893409,1921-08-22,3.6707612296,182987694.2439049
2152978,152978 (2000 GJ147),19.58,True,0.3225187565,0.7211738634,1901-05-23,13.7743009648,16042553.464666316
2153201,153201 (2000 WO107),19.3,True,0.3669061375,0.8204270649,1900-11-09,37.7891512682,11611598.594957836
2153219,153219 (2000 YM29),18.54,False,0.5206609142,1.1642331974,,,
2153220,153220 (2000 YN29),17.43,True,0.8680704579,1.9410645532,1904-09-15,5.5525554704,110127375.1228412
2153243,153243 (2001 AU47),17.5,False,0.8405334021,1.8794898244,1903-01-05,29.0565499993,16586224.452346023
2153267,153267 (2001 CB32),17.8,False,0.7320739893,1.6369672047,1910-07-13,11.8452547213,9766044.184996445
2153271,153271 (2001 CL42),17.41,False,0.876102615,1.9590250023,2005-04-22,14.6769316491,29825401.03381076
2153306,153306 (2001 JL1),16.8,False,1.1602590821,2.5944181791,,,
2153349,153349 (2001 PJ9),18.65,False,0.4949427609,1.1067256584,1904-10-05,13.8548267426,15706611.850260345
2153953,153953 (2002 AD9),16.81,False,1.1549281758,2.5824979103,1912-03-02,33.0266984718,7938790.546225551
2153957,153957 (2002 AB29),17.76,False,0.745684261,1.6674006973,1937-09-20,33.8125611418,16258357.113697138
2153195,153195 (2000 WB1),17.51,False,0.8366715019,1.8708543531,1901-04-11,28.2445847604,17730403.909403674
2153315,153315 (2001 NH6),19.55,False,0.3270054393,0.7312063912,1900-02-04,29.8587558771,51782276.36935308
2153460,153460 (2001 RN),19.71,False,0.3037770614,0.6792661593,1902-03-27,14.840814904,46502115.02367131
2153951,153951 (2002 AC3),18.75,False,0.4726666672,1.0569147985,,,
2153958,153958 (2002 AM31),18.35,True,0.5682703234,1.2706910727,1903-07-19,10.148197942,7259089.646882938
2153002,153002 (2000 JG5),18.28,True,0.586887658,1.3123206985,1907-02-25,38.963301092,21458203.342279248
2153249,153249 (2001 BW15),15.56,False,2.0537849952,4.5924028604,1918-08-20,25.8539273729,7416351.699998991
2153415,153415 (2001 QP153),17.01,False,1.0533070151,2.3552660868,1900-04-04,32.0436152306,13040102.207919639
2153591,153591 (2001 SN263),17.11,True,1.0059003902,2.249261651,1913-01-31,6.8442106824,10634544.477781078
2153792,153792 (2001 VH75),18.14,False,0.6259720997,1.3997161669,1915-02-11,5.9689103886,243088329.65664247
2154007,154007 (2002 BY),18.12,False,0.6317641482,1.4126675811,1958-05-17,2.6649330043,27300210.6948617
2154019,154019 (2002 CZ9),22.07,True,0.1024601475,0.2291078547,1912-02-11,18.5846741306,43782856.42437925
2154020,154020 (2002 CA10),19.13,False,0.3967847541,0.8872376825,1909-11-10,14.4293629389,13902549.98032109
2154244,154244 (2002 KL6),17.57,False,0.8138698807,1.819868378,1919-12-13,2.2665825703,261873781.41537485
2154269,154269 (2002 SM),17.87,True,0.708851033,1.5850390958,1907-04-29,10.3564632684,23119570.625688378
2154278,154278 (2002 TB9),16.5,False,1.332155667,2.978790628,1942-10-26,24.8366141142,16018004.469159104
2154555,154555 (2003 HA),16.7,False,1.214940408,2.7166893409,1903-03-07,24.6479444226,19195308.30440493
2154589,154589 (2003 MX2),16.62,False,1.2605351968,2.8186423881,2049-03-08,7.1471789145,4087473.283297918
2154590,154590 (2003 MA3),21.7,True,0.1214940408,0.2716689341,1902-08-04,9.2490436484,3873416.62323317
2154631,154631 (2003 WO25),18.21,False,0.6061149227,1.3553141694,1901-05-21,16.6705219722,40026773.01589575
2154658,154658 (2004 FA18),19.42,False,0.3471802221,0.776318577,1903-05-10,13.0362088481,35893281.243656926
2154029,154029 (2002 CY46),16.52,False,1.3199423904,2.9514809114,1958-09-02,23.9889574838,25300608.207383122
2154035,154035 (2002 CV59),17.38,False,0.8882904164,1.9862777548,1910-11-04,37.2353957842,73879714.07298441
2154275,154275 (2002 SR41),20.13,True,0.2503542548,0.5598091321,1905-11-24,10.6026695375,38771477.46700797
2154276,154276 (2002 SY50),17.61,True,0.7990150812,1.7866520367,1909-08-08,21.4591108678,1949842.017256643
2154302,154302 (2002 UQ3),17.69,True,0.7701139256,1.7220270881,1906-05-02,21.8161837939,8901593.431753777
2154144,154144 (2002 FA5),17.52,False,0.8328273455,1.8622585581,2052-08-23,12.5351388892,7784798.867105355
2154268,154268 (2002 RM129),18.06,False,0.6494638409,1.4522452972,1900-12-19,13.0150019523,29690451.383326914
2154330,154330 (2002 VX94),18.19,True,0.6117232351,1.367854737,1908-05-01,8.3889359328,19674858.174332052
2154347,154347 (2002 XK4),16.09,False,1.6089960451,3.5978245324,1947-05-08,20.2378899407,20700607.75953443
2154652,154652 (2004 EP20),18.92,False,0.437074004,0.9773271842,1905-05-14,17.9261663268,45692244.85882091
2154656,154656 (2004 FE3),16.39,False,1.4013769717,3.1335741707,1908-02-19,6.6275060476,270242632.2082492
2154229,154229 (2002 JN97),16.61,False,1.2663535629,2.8316526503,1903-12-06,24.3769758012,12894292.470143566
2154300,154300 (2002 UO),19.37,False,0.3552670883,0.7944013596,1901-08-04,14.0961316494,50885594.14166764
2154453,154453 (2003 CJ11),15.35,False,2.2623249055,5.058712276,1935-07-01,11.3361864926,262020875.49574423
2154807,154807 (2004 PP97),18.56,False,0.5158874663,1.1535594433,1921-10-24,11.6726049759,26944584.49904816
2155340,155340 (2006 SK198),16.28,False,1.474195145,3.2964005564,1929-06-10,7.2030948156,18100510.1617677
2155341,155341 (2006 SA218),18.23,False,0.6005580277,1.3428885744,1988-08-02,11.3981456613,13974469.350800822
2159402,159402 (1999 AP10),16.61,False,1.2663535629,2.8316526503,1934-09-15,2.6351379351,284848847.5147833
2159459,159459 (2000 KB),16.31,False,1.4539684294,3.2511722452,1909-09-27,12.0607649205,287892274.1965949
2159467,159467 (2000 QK25),18.34,False,0.57089334,1.2765563162,2005-07-13,5.9133511023,3542074.948852469
2159495,159495 (2000 UV16),17.46,False,0.8561600847,1.9144321491,1908-08-19,1.505011282,284313133.6378089
2159504,159504 (2000 WO67),16.97,True,1.0728894545,2.3990537526,1916-07-23,13.1035804543,5827678.898513425
2159635,159635 (2002 CZ46),18.16,False,0.620233153,1.3868834919,1905-12-10,10.7337463005,11321723.98408201
2159677,159677 (2002 HQ11),19.45,False,0.3424167308,0.7656670868,1906-05-31,9.9864238514,12250710.974206723
2159856,159856 (2004 JW6),17.98,False,0.67383719,1.5067457626,1906-08-04,7.485091386,29315268.87131954
2154715,154715 (2004 LB6),18.53,False,0.5230641758,1.1696070537,1901-08-21,9.7705841616,17859143.87198212
2155110,155110 (2005 TB),17.45,False,0.8601119401,1.9232687664,1923-04-21,21.226582685,27698167.268528096
2159454,159454 (2000 DJ8),18.04,False,0.6554732558,1.4656827575,,,
2159518,159518 (2001 FF7),18.01,False,0.6645917971,1.4860724357,,,
2159533,159533 (2001 HH31),17.66,False,0.7808272775,1.7459828712,1970-04-22,7.7024081176,13657114.703270445
2159555,159555 (2001 SJ276),18.69,False,0.4859090375,1.0865256386,2003-12-08,14.4639565093,10627733.7205938
2159608,159608 (2002 AC2),16.59,False,1.2780709882,2.8578536096,,,
2159857,159857 (2004 LJ1),15.47,True,2.1406958967,4.7867415442,1929-11-13,16.4023088885,8564295.727616044
2159928,159928 (2005 CV69),18.0,False,0.6676594135,1.4929318344,1905-03-19,15.6159461595,45876796.929377034
2154988,154988 (2004 XN35),18.39,False,0.5578982211,1.2474983468,1901-04-26,19.9687436279,16874792.954138454
2154993,154993 (2005 EA94),17.99,False,0.6707411893,1.4998228946,1906-02-27,24.8518754467,27106119.949958842
2155336,155336 (2006 GA1),18.41,False,0.5527833794,1.2360612132,1900-02-20,4.7712014425,254097099.89325333
2155338,155338 (2006 MZ1),20.4,True,0.2210828104,0.4943561926,1900-11-12,9.5733864105,16320082.406601883
2159686,159686 (2002 LB6),16.34,False,1.4340192346,3.2065644897,1915-07-19,28.0080722396,14449834.953344258
2159699,159699 (2002 PQ142),17.6,False,0.8027031673,1.7948988478,1901-05-01,22.8495489371,40353119.54259822
2159923,159923 (2004 YJ32),16.44,False,1.3694777373,3.0622453143,1904-09-04,6.1121830446,24300865.463890895
2159929,159929 (2005 UK),17.72,False,0.7595475664,1.6983999907,1919-04-30,29.3416458231,25276850.090935238
2161995,161995 (1983 LB),17.26,False,0.9387608653,2.0991331094,1900-06-22,15.1003669521,38997547.00059138
2161998,161998 (1988 PA),17.59,False,0.8064082768,1.8031837245,1969-11-03,7.3473822581,6890129.254363965
2162000,162000 (1990 OS),19.64,True,0.313729225,0.7015198735,1909-11-19,11.5067664476,8589925.25357848
2154991,154991 Vinciguerra (2005 BX26),18.57,False,0.5135171787,1.1482593191,1909-02-25,1.7891032841,29234330.88852835
2155140,155140 (2005 UD),17.47,False,0.8522263865,1.9056361323,1900-08-26,42.1352839436,16532847.633134283
2155334,155334 (2006 DZ169),17.23,False,0.9518203298,2.1283349598,1986-02-11,7.353746159,10171749.7488114
2159399,159399 (1998 UL1),16.5,False,1.332155667,2.978790628,1958-04-24,21.3297788466,29804547.44976765
2159560,159560 (2001 TO103),17.15,False,0.9875406389,2.2082079992,,,
2159609,159609 (2002 AQ3),17.23,False,0.9518203298,2.1283349598,1958-05-27,19.7324389934,13466943.661918182
2161989,161989 Cacus (1978 CA),17.31,True,0.9173920592,2.0513510063,1910-09-09,17.686292386,25481760.81594137
2161999,161999 (1989 RC),18.8,False,0.4619074603,1.0328564805,1901-08-05,6.9518929341,18779900.017219007
2162004,162004 (1991 VE),18.29,False,0.5841911542,1.3062911326,1900-01-23,31.7595058654,19062043.88888642
2162063,162063 (1997 EH29),18.95,False,0.4310771239,0.9639177525,1907-02-15,20.8320574559,9334250.742305161
2162149,162149 (1998 YQ11),17.51,False,0.8366715019,1.8708543531,1926-12-08,13.8004854292,14738478.134393392
2162161,162161 (1999 DK3),17.68,False,0.77366861,1.729975604,1916-08-10,22.8432957352,66514830.60761192
2162168,162168 (1999 GT6),17.34,False,0.9048049682,2.0232054153,1917-07-06,4.6350849693,52787293.46998811
2162011,162011 Konnohmaru (1994 AB1),16.6,False,1.2721987854,2.844722965,1900-01-04,6.7896389184,247089582.8957161
2162015,162015 (1994 TF2),19.25,False,0.3754524794,0.8395372662,1900-02-11,16.7616312902,48853557.11559756
2162117,162117 (1998 SD15),19.04,False,0.4135756649,0.9247833005,1907-09-19,18.9392101981,29469795.273066264
2162173,162173 Ryugu (1999 JU3),19.55,True,0.3270054393,0.7312063912,1917-02-03,5.1302264084,16271755.278451782
2162183,162183 (1999 NB5),21.25,True,0.1494703242,0.3342258056,1981-07-14,21.1668654227,61495050.1590625
2162039,162039 (1996 JG),18.93,True,0.4350658314,0.9728367737,1904-11-08,14.8136795973,27019994.54134711
2162082,162082 (1998 HL1),19.12,True,0.3986162293,0.8913329856,1905-10-14,12.0946641543,45892162.21636346
2162116,162116 (1998 SA15),19.54,True,0.3285148278,0.7345814866,1906-03-03,23.9916906919,58446366.08450657
2162142,162142 (1998 VR),18.77,False,0.4683332331,1.0472249454,1911-11-23,12.9413522368,25333527.1289179
2162162,162162 (1999 DB7),19.99,True,0.2670268771,0.5970902489,1901-01-25,18.7980847959,71120417.08480577
2162181,162181 (1999 LF6),18.2,False,0.6089126221,1.3615700154,1907-10-11,10.331732254,24634846.687969238
2162186,162186 (1999 OP3),15.03,False,2.6215308728,5.8619212367,,,
2162038,162038 (1996 DH),16.68,False,1.2261821132,2.7418265579,,,
2162058,162058 (1997 AE12),17.98,False,0.67383719,1.5067457626,1921-08-20,2.1810203384,273773808.1145241
2162080,162080 (1998 DG16),19.95,False,0.2719912773,0.6081909854,1901-10-30,13.6776148706,57561482.74554655
2162120,162120 (1998 SH36),20.64,True,0.1979497587,0.4426291165,1902-07-28,20.3980705032,3074734.972838793
2162157,162157 (1999 CV8),19.95,False,0.2719912773,0.6081909854,1900-02-01,8.2283713724,55286364.753864735
2162416,162416 (2000 EH26),21.67,True,0.1231841913,0.2754482254,1932-03-16,17.5527753534,44901359.471502006
2162452,162452 (2000 HO14),18.5,False,0.5303407233,1.1858779086,2081-12-17,9.567958278,14564163.390156465
2162463,162463 (2000 JH5),17.97,False,0.6769474811,1.513700585,1912-11-24,13.9943340199,27876436.632458474
2162472,162472 (2000 LL),19.22,False,0.3806755436,0.8512163929,1911-05-30,15.8520998659,27968992.176396847
2162210,162210 (1999 SM5),19.3,False,0.3669061375,0.8204270649,1905-09-13,16.1844756177,16843356.936449837
2162269,162269 (1999 VO6),16.97,False,1.0728894545,2.3990537526,1901-12-10,32.0357366163,18394414.56526665
2162385,162385 (2000 BM19),18.59,False,0.5088092249,1.1377320144,1901-01-09,11.07917129,17941879.931411985
2162422,162422 (2000 EV70),20.6,True,0.2016299194,0.4508582062,1901-07-29,9.2742554548,63475593.354310535
2162474,162474 (2000 LB16),18.62,True,0.5018281006,1.1221217459,1910-12-09,27.3221297989,13748799.602565205
2162196,162196 (1999 RL45),18.77,False,0.4683332331,1.0472249454,,,
2162214,162214 (1999 TC10),18.86,False,0.4493191996,1.004708274,1921-10-31,16.2852449339,21329270.622845307
2162215,162215 (1999 TL12),19.2,False,0.3841978911,0.8590926012,1911-07-04,19.1540642159,19845529.17820918
2162273,162273 (1999 VL12),17.27,False,0.9344476509,2.0894884689,,,
2162361,162361 (2000 AF6),20.24,True,0.2379879547,0.5321572445,1901-08-19,16.1119649177,4717284.355140408
2162421,162421 (2000 ET70),18.11,True,0.634680239,1.4191881584,1906-02-19,13.5796236009,23813146.338519026
2162433,162433 (2000 FK10),19.36,False,0.3569069267,0.7980681497,1935-07-03,14.4977959807,15639572.48197831
2162470,162470 (2000 KX43),19.24,False,0.3771854893,0.8434123941,1903-12-05,30.0697753688,65810496.05532745
2162195,162195 (1999 RK45),19.5,False,0.3346223745,0.7482383761,1900-09-08,38.4008847602,63779360.28162519
2162687,162687 (2000 UH1),18.75,True,0.4726666672,1.0569147985,1916-01-12,12.1614441941,29268720.102808848
2162695,162695 (2000 UL11),20.2,True,0.2424124811,0.5420507863,1907-10-29,27.2748817974,61134563.00486012
2162873,162873 (2001 FB7),19.27,False,0.3720103103,0.8318403423,1923-02-19,9.7432778017,69329661.032856
2162903,162903 (2001 JV2),18.63,False,0.4995224099,1.1169660648,1902-05-14,21.704778208,6476369.939619691
2162911,162911 (2001 LL5),19.33,False,0.3618719966,0.8091703835,1901-11-18,9.9551390177,15443002.496455306
2162979,162979 (2001 RA12),18.29,True,0.5841911542,1.3062911326,1908-08-27,20.4522851019,41122646.07906808
2163026,163026 (2001 XR30),21.23,True,0.1508533561,0.3373183589,1900-01-04,7.3287915815,33979506.74926474
2163051,163051 (2001 YJ4),16.4,True,1.3949382293,3.1191767052,1904-12-29,3.737683386,223027955.16831747
2163070,163070 (2002 AO7),18.4,False,0.5553349116,1.2417666126,1915-03-28,6.0067159903,200337145.6215357
2163081,163081 (2002 AG29),18.57,False,0.5135171787,1.1482593191,1901-09-18,8.7320718624,22471594.767119218
2163250,163250 (2002 GH1),15.47,False,2.1406958967,4.7867415442,1903-08-27,8.0968147056,134862122.20625156
2163252,163252 (2002 GD11),17.91,False,0.6959130436,1.5561088719,,,
2163295,163295 (2002 HW),19.49,False,0.3361669212,0.7516920875,1913-11-28,14.3426496784,35197692.28757118
2162567,162567 (2000 RW37),19.97,True,0.2694976463,0.602615057,1905-11-06,9.237022554,12848940.499552662
2162581,162581 (2000 SA10),18.66,False,0.4926687055,1.1016407159,1969-02-12,10.9689794798,13806656.683506213
2162723,162723 (2000 VM2),17.73,False,0.7560577624,1.6905965516,1911-03-26,20.1866779298,14871457.371492323
2162783,162783 (2000 YJ11),20.91,True,0.1748054532,0.3908768761,1901-10-28,5.2931062733,14918362.841164242
2162882,162882 (2001 FD58),18.77,True,0.4683332331,1.0472249454,1902-06-13,22.841065976,28447122.975888938
2162913,162913 (2001 MT18),18.48,False,0.5352479056,1.1968507018,1901-01-03,14.4644434105,8315478.865512984
2163015,163015 (2001 UX16),22.07,False,0.1024601475,0.2291078547,1910-10-19,21.9452977443,66129695.09499706
2163023,163023 (2001 XU1),19.52,False,0.3315545381,0.7413784854,1902-11-26,19.7218119097,9336985.914961306
2163067,163067 (2002 AP3),19.99,True,0.2670268771,0.5970902489,1904-04-05,3.2631193921,294409244.57925856
2163243,163243 (2002 FB3),16.47,True,1.3506877983,3.0202297334,1900-02-16,14.8832963878,47553519.49167509
2163348,163348 (2002 NN4),20.05,True,0.2597496533,0.580817882,1904-09-17,19.1952750969,15886725.755927823
2162483,162483 (2000 PJ5),17.53,False,0.8290008515,1.8537022573,1903-07-26,25.8010534895,51057049.08326293
2162566,162566 (2000 RJ34),15.73,False,1.8991312347,4.246586539,1913-12-21,5.4604908456,191337069.66799286
2162635,162635 (2000 SS164),16.71,False,1.2093582639,2.7042072872,1936-12-10,3.2373917948,246750094.4504505
2162740,162740 (2000 WF6),18.44,False,0.5451989071,1.2191018176,1911-12-12,21.3239125444,34666799.66571092
2162741,162741 (2000 WG6),17.5,False,0.8405334021,1.8794898244,2041-07-17,2.430020365,297826318.8091726
2162825,162825 (2001 BO61),17.97,True,0.6769474811,1.513700585,1901-09-15,21.3445138178,10305010.514141884
2162854,162854 (2001 DE47),19.14,False,0.3949616937,0.8831611957,1901-08-09,10.9021810823,51227434.45992686
2162900,162900 (2001 HG31),15.98,False,1.6926024946,3.7847742368,1922-01-04,4.5100980107,48447494.89550074
2162922,162922 (2001 OY13),20.91,True,0.1748054532,0.3908768761,1921-01-23,21.6596525939,54915519.08410866
2162998,162998 (2001 SK162),18.17,True,0.6173834405,1.3805113411,1978-02-14,9.9923476828,21992390.722588174
2163000,163000 (2001 SW169),19.25,False,0.3754524794,0.8395372662,1934-06-03,1.8408058446,29195855.30371029
2163132,163132 (2002 CU11),18.61,True,0.5041444339,1.1273012246,1901-02-25,29.1762454727,57849511.91709805
2163249,163249 (2002 GT),18.7,True,0.4836764882,1.0815335068,1910-10-05,7.3976558392,12253294.708939068
2163364,163364 (2002 OD20),18.91,True,0.439091446,0.9818383215,1919-05-20,9.225754918,4247231.646151087
2162510,162510 (2000 QW69),17.6,True,0.8027031673,1.7948988478,1924-02-28,22.803294141,20404838.618585926
2162679,162679 (2000 TK1),18.06,False,0.6494638409,1.4522452972,,,
2162694,162694 (2000 UH11),19.74,False,0.2996090839,0.6699462782,1902-03-08,22.1679491614,12889794.974739673
2162698,162698 (2000 UN30),18.48,False,0.5352479056,1.1968507018,1926-07-03,17.4072364273,64337639.950104006
2162781,162781 (2000 XL44),17.96,False,0.6800721287,1.5206875095,1908-02-06,5.4364824466,45047769.03689764
2162926,162926 (2001 OB36),17.12,False,1.0012786977,2.2389272325,1981-12-29,21.9014198032,71242997.71412185
2162980,162980 (2001 RR17),16.77,False,1.1763998937,2.6305101311,1923-04-10,21.9701898016,39921408.15433863
2163001,163001 (2001 SE170),18.41,False,0.5527833794,1.2360612132,1905-10-11,10.0563100047,56556170.47335422
2163014,163014 (2001 UA5),17.75,True,0.7491261831,1.6750970692,1904-01-02,9.0359575905,23728196.544768687
2163191,163191 (2002 EQ9),19.43,False,0.3455850738,0.7727517171,1900-05-21,11.0737188007,44287235.815739416
2163335,163335 (2002 LJ),17.19,False,0.9695159909,2.167903661,,,
2163693,163693 Atira (2003 CP20),16.41,False,1.3885290704,3.1048453901,1912-03-04,20.0610936,18464847.366752405
2163694,163694 (2003 DP13),17.5,False,0.8405334021,1.8794898244,1909-06-29,12.7615596983,14427999.857676076
2164121,164121 (2003 YT1),16.15,True,1.5651464359,3.4997738255,1901-04-26,23.2090832806,7348389.223100334
2164184,164184 (2004 BF68),19.47,False,0.3392774354,0.7586474087,1900-06-19,14.5002208185,24453163.51560525
2164202,164202 (2004 EW),20.91,True,0.1748054532,0.3908768761,1929-02-02,10.3671044695,15167179.553669432
2164214,164214 (2004 LZ11),19.27,False,0.3720103103,0.8318403423,1930-09-10,0.2620367202,67158914.27367876
2164216,164216 (2004 OT11),17.28,True,0.930154254,2.0798881414,1906-08-05,19.3496868971,28672711.597199652
2164221,164221 (2004 QE20),20.43,False,0.2180494405,0.4875733714,1906-06-13,5.4817999425,70269535.29220593
2164342,164342 (2005 CP),20.99,False,0.1684825693,0.3767384779,1940-07-05,18.4104657856,67498119.26090029
2168378,168378 (1997 ET30),16.91,False,1.1029478453,2.4662663578,1988-08-29,8.7477391498,9389942.513756217
2163373,163373 (2002 PZ39),19.03,True,0.4154846434,0.9290519063,1911-06-26,10.5743710996,10500878.586458847
2163683,163683 (2002 YP2),19.05,True,0.4116754573,0.9205343072,1925-05-15,21.4584080827,17861913.586786445
2163691,163691 (2003 BB43),17.09,False,1.0152078719,2.2700738128,,,
2163696,163696 (2003 EB50),16.53,False,1.313877806,2.9379200884,1950-11-30,24.5947832875,24419350.372802544
2163758,163758 (2003 OS13),17.42,False,0.8720772891,1.9500241,1901-09-16,34.2467482098,15540706.825084403
2163818,163818 (2003 RX7),18.46,True,0.5402004935,1.207925025,1903-04-26,13.7968573457,22534320.495779593
2164206,164206 (2004 FN18),17.67,False,0.777239702,1.7379608086,1903-11-08,11.6952519057,16730314.951560909
2164207,164207 Cardea (2004 GU9),21.19,True,0.1536579294,0.3435895754,1900-10-22,7.5612148212,21568609.44261835
2164222,164222 (2004 RN9),20.85,False,0.1797028549,0.4018277992,1919-08-30,7.942214437,66452007.17658264
2168318,168318 (1989 DA),18.91,True,0.439091446,0.9818383215,1914-08-14,2.7025313666,266464142.50951028
2169675,169675 (2002 JM97),16.67,False,1.2318419127,2.7544822542,1919-01-11,3.7086872403,205576241.11024016
2163412,163412 (2002 RV25),17.36,False,0.8965096664,2.0046565566,1915-10-23,18.2946820332,56569366.36682884
2163667,163667 (2002 WC1),19.88,False,0.2809020939,0.6281161771,1901-12-28,5.2387957124,233269059.8510015
2163679,163679 (2002 XG84),19.29,False,0.3685996993,0.8242139842,1907-08-31,9.8391437969,25730904.295074
2163692,163692 (2003 CY18),18.27,False,0.5895966084,1.3183780956,1907-05-23,11.1142579192,16353107.632383084
2163697,163697 (2003 EF54),20.08,True,0.2561857545,0.5728487619,1901-03-31,16.7100639828,25754647.13757936
2163732,163732 (2003 KP2),15.48,False,2.1308602925,4.7647484646,1910-06-17,9.0145067353,128282281.19443065
2163760,163760 (2003 OR14),16.68,False,1.2261821132,2.7418265579,1943-09-24,10.596091301,14692652.28262969
2163899,163899 (2003 SD220),17.56,True,0.8176265334,1.8282685088,1901-08-25,8.9126146936,18083453.20710753
2163902,163902 (2003 SW222),17.21,False,0.9606274149,2.1480282008,,,
2164120,164120 (2003 YK),19.05,False,0.4116754573,0.9205343072,1900-05-02,11.2620241046,26363147.648765247
2164217,164217 (2004 PT42),17.16,False,0.9830033019,2.1980622051,1964-08-20,26.0737807621,28418069.25940071
2164400,164400 (2005 GN59),17.37,True,0.8923905787,1.9954459964,1929-12-09,8.9770033628,17003965.164802477
2168044,168044 (2005 SG),19.09,False,0.4041615334,0.9037326626,1901-10-09,24.5434511044,69710521.9060139
2168791,168791 (2000 SQ43),18.85,False,0.4513931628,1.0093457967,1906-09-05,14.226749966,59411724.99924162
2170086,170086 (2002 XR14),18.14,True,0.6259720997,1.3997161669,1916-04-23,11.6598280247,4577034.467082246
2170502,170502 (2003 WM7),17.36,False,0.8965096664,2.0046565566,1903-11-06,26.0600543398,10703693.116190964
2163454,163454 (2002 RN129),19.11,False,0.4004561582,0.8954471917,1902-12-25,19.8716834186,57016581.95865693
2164201,164201 (2004 EC),15.73,False,1.8991312347,4.246586539,1913-08-24,38.6625421625,9589731.291929502
2164211,164211 (2004 JA27),19.5,True,0.3346223745,0.7482383761,1903-07-07,11.8715917146,19659150.771976728
2164215,164215 Doloreshill (2004 MF6),20.01,False,0.2645787599,0.5916160926,1921-09-07,0.9751526742,70751439.59325026
2164294,164294 (2004 XZ130),20.45,False,0.2160503512,0.4831032718,1900-01-06,14.113191695,10483812.371690525
2164341,164341 (2005 CO),20.59,False,0.2025606009,0.4529392731,1920-04-07,4.8199381895,58615686.48889376
